"id","dset","lib","mname","target","columns","insts","model_param","target_iqr","target_diff","target_skewness","binary_factors","factors3to5","big_factors","nonskew_numerics","small_skew_numerics","big_skew_numerics","mse","rmse","mae","r2","metric"
"25d9d874a28a8989e295fe65b193f1c7","kaggle_barcelona-data-sets-accidents-2017","mlr","regr.svm","PartOfTheDay",6,10339,"regr.svm radial",1,1,1,0,0,0,1,0,4,0.033,0.1817,0.1217,0.8662,0.1817
"c147040bb9c51e29cb17df401adcd6f4","kaggle_MPI_national","mlr","regr.svm","MPI.Rural",6,102,"regr.svm linear",0.3595,0.669,0.248956884561892,0,0,0,2,2,1,4e-04,0.0206,0.0161,0.988,0.0307922272047833
"3561eb2e52cf1ee0fa4502b510801758","openml_analcatdata_supreme","mlr","regr.plsr","Log_exposure",8,4052,"regr.plsr simpls",0.22,2.3,-1,0,0,0,1,0,6,0.1711,0.4137,0.3074,0.4323,0.179869565217391
"488606e0a89585c238575f03131e0f33","openml_analcatdata_supreme","mlr","regr.gausspr","Log_exposure",8,4052,"regr.gausspr rbfdot",0.22,2.3,-1,0,0,0,1,0,6,0.0331,0.1819,0.11,0.8907,0.0790869565217391
"51b8e2f48c66ac820cada52aa54d1483","openml_analcatdata_supreme","mlr","regr.svm","Log_exposure",8,4052,"regr.svm polynomial",0.22,2.3,-1,0,0,0,1,0,6,0.3838,0.6195,0.2399,-0.2428,0.269347826086957
"5849e2aea87ed90dd38e7c98bdb64590","openml_analcatdata_supreme","mlr","regr.plsr","Log_exposure",8,4052,"regr.plsr oscorespls",0.22,2.3,-1,0,0,0,1,0,6,0.1711,0.4137,0.3074,0.4323,0.179869565217391
"6fe1f9f980720b71efc6c5ea52585822","openml_analcatdata_supreme","mlr","regr.gausspr","Log_exposure",8,4052,"regr.gausspr vanilladot",0.22,2.3,-1,0,0,0,1,0,6,0.1711,0.4137,0.3074,0.4323,0.179869565217391
"761b17cb819d8ff237dc1a2123dcbda3","openml_analcatdata_supreme","mlr","regr.svm","Log_exposure",8,4052,"regr.svm radial",0.22,2.3,-1,0,0,0,1,0,6,0.0361,0.1901,0.095,0.8807,0.0826521739130435
"aece76ec5ccb179dff9ec77054b75953","openml_analcatdata_supreme","mlr","regr.svm","Log_exposure",8,4052,"regr.svm sigmoid",0.22,2.3,-1,0,0,0,1,0,6,68.5043,8.2767,6.2536,-226.6721,3.5985652173913
"db5736627d99e042713619bfff9de5b1","openml_analcatdata_supreme","mlr","regr.plsr","Log_exposure",8,4052,"regr.plsr kernelpls",0.22,2.3,-1,0,0,0,1,0,6,0.1711,0.4137,0.3074,0.4323,0.179869565217391
"dd3a1d136344582738d15090bbf6ac58","openml_analcatdata_supreme","mlr","regr.gausspr","Log_exposure",8,4052,"regr.gausspr polydot",0.22,2.3,-1,0,0,0,1,0,6,0.1711,0.4137,0.3074,0.4323,0.179869565217391
"0dafe44ce3fe0e84c415260b9dc4f220","openml_auto_price","mlr","regr.gausspr","price",16,159,"regr.gausspr vanilladot",7347.5,29938,0.493433140523988,0,0,1,9,5,0,6914147.8628,2629.4767,1882.3674,0.7765,0.0878307401964059
"1adc10c9186f2ccc42cbb293c0009d0c","openml_auto_price","mlr","regr.plsr","price",16,159,"regr.plsr simpls",7347.5,29938,0.493433140523988,0,0,1,9,5,0,7111593.9813,2666.7572,1915.2552,0.7697,0.0890759970605919
"437d67593eba67c27e223e757a1d72ad","openml_auto_price","mlr","regr.svm","price",16,159,"regr.svm sigmoid",7347.5,29938,0.493433140523988,0,0,1,9,5,0,75994544.8267,8717.485,4864.8463,-1.242,0.291184614870733
"4559bce5b39f66237b1f850b2e4543a0","openml_auto_price","mlr","regr.gausspr","price",16,159,"regr.gausspr rbfdot",7347.5,29938,0.493433140523988,0,0,1,9,5,0,9172452.7405,3028.6057,1781.3488,0.7291,0.101162592691563
"4643106e0373dd8682e15b91bdbd3020","openml_auto_price","mlr","regr.svm","price",16,159,"regr.svm polynomial",7347.5,29938,0.493433140523988,0,0,1,9,5,0,12243798.4042,3499.1139,2024.1006,0.6247,0.116878679270492
"82003a15e55a7702dafd4e106753c3c1","openml_auto_price","mlr","regr.plsr","price",16,159,"regr.plsr kernelpls",7347.5,29938,0.493433140523988,0,0,1,9,5,0,7111596.3146,2666.7576,1915.2566,0.7697,0.0890760104215378
"9b28e92d084bfd519f1b731431248f9a","openml_auto_price","mlr","regr.plsr","price",16,159,"regr.plsr oscorespls",7347.5,29938,0.493433140523988,0,0,1,9,5,0,7111596.3151,2666.7576,1915.2566,0.7697,0.0890760104215378
"a9a0cbdf0a4925168aa15c8d8aeedf76","openml_auto_price","mlr","regr.gausspr","price",16,159,"regr.gausspr polydot",7347.5,29938,0.493433140523988,0,0,1,9,5,0,6922451.3929,2631.0552,1883.8056,0.7762,0.0878834658293807
"dd727d3a588c928dc9b8066c643a480a","openml_auto_price","mlr","regr.svm","price",16,159,"regr.svm radial",7347.5,29938,0.493433140523988,0,0,1,9,5,0,7533825.3072,2744.7815,1620.3632,0.7781,0.0916821931992785
"4753f39ad4249ff97da8d5b9a5243072","openml_cloud","mlr","regr.plsr","TE",7,108,"regr.plsr simpls",1.1625,6,0.316129032258064,1,1,0,3,1,0,0.1733,0.4163,0.26,0.815,0.0693833333333333
"4a227a967772e243a63804e6de4441f1","openml_cloud","mlr","regr.svm","TE",7,108,"regr.svm polynomial",1.1625,6,0.316129032258064,1,1,0,3,1,0,9.917,3.1491,0.7872,-2.9168,0.52485
"a676580715a8a3cf9f2951468ec96c81","openml_cloud","mlr","regr.plsr","TE",7,108,"regr.plsr oscorespls",1.1625,6,0.316129032258064,1,1,0,3,1,0,0.1733,0.4163,0.26,0.815,0.0693833333333333
"c91d079eeb53c4df12a3dc20b599f92b","openml_cloud","mlr","regr.gausspr","TE",7,108,"regr.gausspr polydot",1.1625,6,0.316129032258064,1,1,0,3,1,0,0.1716,0.4143,0.2597,0.8162,0.06905
"d0521d0977526dee010d91e21ef26fa8","openml_cloud","mlr","regr.plsr","TE",7,108,"regr.plsr kernelpls",1.1625,6,0.316129032258064,1,1,0,3,1,0,0.1733,0.4163,0.26,0.815,0.0693833333333333
"dfc2bc8935e3e39a3e62515fc3cd35e8","openml_cloud","mlr","regr.svm","TE",7,108,"regr.svm sigmoid",1.1625,6,0.316129032258064,1,1,0,3,1,0,1.2422,1.1145,0.5167,0.283,0.18575
"f0ce2780fe556a02501390dd5761681a","openml_cloud","mlr","regr.gausspr","TE",7,108,"regr.gausspr rbfdot",1.1625,6,0.316129032258064,1,1,0,3,1,0,0.6514,0.8071,0.4016,0.5802,0.134516666666667
"fb0961ce3dba82a80288a5c1aaad2d9b","openml_cloud","mlr","regr.svm","TE",7,108,"regr.svm radial",1.1625,6,0.316129032258064,1,1,0,3,1,0,0.503,0.7092,0.3479,0.664,0.1182
"fe1a5f57410f48944387aab71e0e7660","openml_cloud","mlr","regr.gausspr","TE",7,108,"regr.gausspr vanilladot",1.1625,6,0.316129032258064,1,1,0,3,1,0,0.1714,0.414,0.2597,0.8166,0.069
"0f163b2107ff07160873f7a454e90dcf","openml_cpu_act","mlr","regr.plsr","usr",22,8192,"regr.plsr oscorespls",13,99,-0.230769230769231,0,0,0,4,7,10,93.0654,9.647,6.0735,0.725,0.0974444444444444
"242c11c7a1acbc8cb0afc81379ea5195","openml_cpu_act","mlr","regr.gausspr","usr",22,8192,"regr.gausspr polydot",13,99,-0.230769230769231,0,0,0,4,7,10,93.0643,9.647,6.0724,0.725,0.0974444444444444
"47109e5b21fa9703fdeab1819cce3f32","openml_cpu_act","mlr","regr.svm","usr",22,8192,"regr.svm sigmoid",13,99,-0.230769230769231,0,0,0,4,7,10,1653120.9298,1285.7375,534.9305,-4890.4307,12.9872474747475
"4a6baab36d4f2bcc7fdb9485d1243b79","openml_cpu_act","mlr","regr.gausspr","usr",22,8192,"regr.gausspr rbfdot",13,99,-0.230769230769231,0,0,0,4,7,10,55.5132,7.4507,2.948,0.8361,0.075259595959596
"8c856804248bd4564313d81ba21cc177","openml_cpu_act","mlr","regr.gausspr","usr",22,8192,"regr.gausspr vanilladot",13,99,-0.230769230769231,0,0,0,4,7,10,93.0643,9.647,6.0724,0.725,0.0974444444444444
"a2ed3c2dff709da720423542d003c5e8","openml_cpu_act","mlr","regr.svm","usr",22,8192,"regr.svm polynomial",13,99,-0.230769230769231,0,0,0,4,7,10,575.9387,23.9987,4.0767,-0.8078,0.242411111111111
"a8803b58aa1e837557f2390a0352d7f1","openml_cpu_act","mlr","regr.plsr","usr",22,8192,"regr.plsr kernelpls",13,99,-0.230769230769231,0,0,0,4,7,10,93.0654,9.647,6.0735,0.725,0.0974444444444444
"afcdc139e7de398cb5ad105dc3654e89","openml_cpu_act","mlr","regr.svm","usr",22,8192,"regr.svm radial",13,99,-0.230769230769231,0,0,0,4,7,10,22.4226,4.7353,2.3356,0.9338,0.0478313131313131
"f162ec892f8269cd9fa127d837e82a96","openml_cpu_act","mlr","regr.plsr","usr",22,8192,"regr.plsr simpls",13,99,-0.230769230769231,0,0,0,4,7,10,93.0555,9.6465,6.0744,0.725,0.0974393939393939
"2797201baa56f852d565729b372aca70","openml_delta_elevators","mlr","regr.gausspr","Se",7,9517,"regr.gausspr polydot",0.003,0.027,-1,0,0,0,4,1,1,2.099e-06,0.0014,0.0011,0.6275,0.0518518518518519
"3e6fbbf1d7c00eeca273cab6682d0150","openml_delta_elevators","mlr","regr.gausspr","Se",7,9517,"regr.gausspr vanilladot",0.003,0.027,-1,0,0,0,4,1,1,2.099e-06,0.0014,0.0011,0.6275,0.0518518518518519
"4d1f2c33f31fec636f75129ab2f5c503","openml_delta_elevators","mlr","regr.plsr","Se",7,9517,"regr.plsr simpls",0.003,0.027,-1,0,0,0,4,1,1,2.099e-06,0.0014,0.0011,0.6275,0.0518518518518519
"916022b504e32aaacb1a90952252129a","openml_delta_elevators","mlr","regr.svm","Se",7,9517,"regr.svm sigmoid",0.003,0.027,-1,0,0,0,4,1,1,0.0266,0.1631,0.0989,-4723.7982,6.04074074074074
"93691f57730c7f51086075ab8c01d56d","openml_delta_elevators","mlr","regr.plsr","Se",7,9517,"regr.plsr kernelpls",0.003,0.027,-1,0,0,0,4,1,1,2.099e-06,0.0014,0.0011,0.6275,0.0518518518518519
"a05766209b426eb6a08855adb9d8d1cb","openml_delta_elevators","mlr","regr.svm","Se",7,9517,"regr.svm polynomial",0.003,0.027,-1,0,0,0,4,1,1,3.2245e-06,0.0018,0.0014,0.4276,0.0666666666666667
"b21f3e5fc5a4950a368d792756f26764","openml_delta_elevators","mlr","regr.svm","Se",7,9517,"regr.svm radial",0.003,0.027,-1,0,0,0,4,1,1,2.0594e-06,0.0014,0.0011,0.6345,0.0518518518518519
"b498b1155386f37ae4bae9e6696ece6a","openml_delta_elevators","mlr","regr.plsr","Se",7,9517,"regr.plsr oscorespls",0.003,0.027,-1,0,0,0,4,1,1,2.099e-06,0.0014,0.0011,0.6275,0.0518518518518519
"caed50e49efc97198d42c307a2b7f1af","openml_delta_elevators","mlr","regr.gausspr","Se",7,9517,"regr.gausspr rbfdot",0.003,0.027,-1,0,0,0,4,1,1,2.036e-06,0.0014,0.0011,0.6387,0.0518518518518519
"17efffb0e07e52ca96d0131c670937d7","openml_detroit","mlr","regr.plsr","ASR",14,13,"regr.plsr kernelpls",45.5,255.02,-0.259340659340661,0,0,0,7,4,2,84106.4421,290.0111,114.4616,-30.1922,1.1372092384911
"1c71cc5568b9b468a3dddb1fe762249d","openml_detroit","mlr","regr.gausspr","ASR",14,13,"regr.gausspr vanilladot",45.5,255.02,-0.259340659340661,0,0,0,7,4,2,1066.6558,32.6597,23.9077,0.4091,0.128067210414869
"5a2a8d8446155586f423a66795969f7c","openml_detroit","mlr","regr.svm","ASR",14,13,"regr.svm radial",45.5,255.02,-0.259340659340661,0,0,0,7,4,2,1716.5392,41.4311,30.6931,-0.006,0.162462159830602
"5c53f4d0d6b198e4c7a8841107b69ded","openml_detroit","mlr","regr.gausspr","ASR",14,13,"regr.gausspr polydot",45.5,255.02,-0.259340659340661,0,0,0,7,4,2,1066.6558,32.6597,23.9077,0.4091,0.128067210414869
"6c09a39780c86bb2f4f95676753e5fee","openml_detroit","mlr","regr.plsr","ASR",14,13,"regr.plsr oscorespls",45.5,255.02,-0.259340659340661,0,0,0,7,4,2,84106.4418,290.0111,114.4616,-30.1922,1.1372092384911
"7d967564a3a2aed8ce58865f83214206","openml_detroit","mlr","regr.gausspr","ASR",14,13,"regr.gausspr rbfdot",45.5,255.02,-0.259340659340661,0,0,0,7,4,2,2058.6454,45.3723,31.1047,0.1596,0.177916633989491
"82f6922eb1be0fe1ae2ce02655d30eeb","openml_detroit","mlr","regr.svm","ASR",14,13,"regr.svm sigmoid",45.5,255.02,-0.259340659340661,0,0,0,7,4,2,1748.5936,41.8162,29.5707,0.0111,0.163972237471571
"9c073d2b04cc323ff7238a3acd7b8877","openml_detroit","mlr","regr.svm","ASR",14,13,"regr.svm polynomial",45.5,255.02,-0.259340659340661,0,0,0,7,4,2,1414.2251,37.6062,31.132,0.067,0.147463728335033
"a85360de6fdc94efefdb3f4c3aa2cf3f","openml_detroit","mlr","regr.plsr","ASR",14,13,"regr.plsr simpls",45.5,255.02,-0.259340659340661,0,0,0,7,4,2,84103.5794,290.0062,114.4644,-30.1903,1.13719002431182
"66ca68532158b416b4260fd4b9cb0929","openml_diabetes","mlr","regr.plsr","mass",9,768,"regr.plsr kernelpls",9.3,67.1,-0.0107526881720428,1,0,0,3,3,1,47.0204,6.8571,5.0784,0.2396,0.102192250372578
"11ec65532b182c23b6c59410280a7413","openml_disclosure_x_tampered","mlr","regr.gausspr","Income",4,662,"regr.gausspr polydot",35414.964,245922.51,-0.0757353868833522,0,0,0,3,0,0,890614838.2614,29843.1707,23024.914,0.0095,0.121351927889806
"2088979e334cd02dc3353a70ed93c426","openml_disclosure_x_tampered","mlr","regr.plsr","Income",4,662,"regr.plsr kernelpls",35414.964,245922.51,-0.0757353868833522,0,0,0,3,0,0,890621016.5106,29843.2742,23025.1071,0.0095,0.121352348754085
"50cddddd032c235de9e788c4f20e7b9a","openml_disclosure_x_tampered","mlr","regr.plsr","Income",4,662,"regr.plsr oscorespls",35414.964,245922.51,-0.0757353868833522,0,0,0,3,0,0,890621016.5106,29843.2742,23025.1071,0.0095,0.121352348754085
"533f80031436e05a18402867caae036b","openml_disclosure_x_tampered","mlr","regr.svm","Income",4,662,"regr.svm radial",35414.964,245922.51,-0.0757353868833522,0,0,0,3,0,0,920352860.845,30337.318,23452.3264,-0.0213,0.123361289700565
"6a5f28ea9b52d8f8ffd732e76c27eabe","openml_disclosure_x_tampered","mlr","regr.svm","Income",4,662,"regr.svm polynomial",35414.964,245922.51,-0.0757353868833522,0,0,0,3,0,0,893868342.8616,29897.6311,23079.6273,0.0047,0.121573381387495
"bccd91c7ebd33b2894ff3da405b40d6b","openml_disclosure_x_tampered","mlr","regr.gausspr","Income",4,662,"regr.gausspr rbfdot",35414.964,245922.51,-0.0757353868833522,0,0,0,3,0,0,918623730.9251,30308.8062,23559.6116,-0.0189,0.123245351554032
"c267b29faa9994fb6eef620ddaa29894","openml_disclosure_x_tampered","mlr","regr.svm","Income",4,662,"regr.svm sigmoid",35414.964,245922.51,-0.0757353868833522,0,0,0,3,0,0,49956409898.6819,223509.3061,151161.3139,-55.2433,0.908860706163092
"cbda0ec8998dfe477e39ef3f3d35856d","openml_disclosure_x_tampered","mlr","regr.gausspr","Income",4,662,"regr.gausspr vanilladot",35414.964,245922.51,-0.0757353868833522,0,0,0,3,0,0,890614838.2614,29843.1707,23024.914,0.0095,0.121351927889806
"ff3ec8c2c01df20c059a11a9032f0d73","openml_disclosure_x_tampered","mlr","regr.plsr","Income",4,662,"regr.plsr simpls",35414.964,245922.51,-0.0757353868833522,0,0,0,3,0,0,890621016.5106,29843.2742,23025.1071,0.0095,0.121352348754085
"0889f68faa9a9c099c2f4a0d00ba38ce","openml_fried","mlr","regr.svm","Y",11,40768,"regr.svm polynomial",7.1102,31.75,-0.00489437709206476,0,0,0,10,0,0,7.1052,2.6655,2.1057,0.7154,0.0839527559055118
"a1021fe18484b3dbc41aaa49e45c2bb8","openml_fried","mlr","regr.svm","Y",11,40768,"regr.svm radial",7.1102,31.75,-0.00489437709206476,0,0,0,10,0,0,1.1139,1.0554,0.8392,0.9554,0.0332409448818898
"a4bfc626e820a03936d7c80b3b47b748","openml_fried","mlr","regr.svm","Y",11,40768,"regr.svm sigmoid",7.1102,31.75,-0.00489437709206476,0,0,0,10,0,0,36993.5534,192.3371,148.7711,-1481.0284,6.05786141732283
"0d6a8d1999153fd9431b8d59b9e8b235","openml_houses","mlr","regr.svm","median_house_value",9,20640,"regr.svm polynomial",145125,485002,0.171748492678725,0,0,0,3,3,2,26813265766.253,163747.5672,58541.9748,-1.1024,0.33762245763935
"98112cf759b8ef551673c42addd2e902","openml_houses","mlr","regr.svm","median_house_value",9,20640,"regr.svm sigmoid",145125,485002,0.171748492678725,0,0,0,3,3,2,2869359629801980,53566403.9282,19431432.6991,-215533.4636,110.445738220049
"d86a699f0785a2cfdde15f19d0eb6741","openml_houses","mlr","regr.svm","median_house_value",9,20640,"regr.svm radial",145125,485002,0.171748492678725,0,0,0,3,3,2,3255065774.5014,57053.1837,38144.417,0.7553,0.117634945216721
"391fa8395098746164d8e18efc4bb16d","openml_hutsof99_logis","mlr","regr.plsr","Quality",8,70,"regr.plsr oscorespls",14.2575,49.04,0.113799754515168,3,1,0,3,0,0,79.8056,8.9334,7.2056,0.2461,0.182165579119086
"4150a0596fff36fcf613aedd2e02830f","openml_hutsof99_logis","mlr","regr.svm","Quality",8,70,"regr.svm radial",14.2575,49.04,0.113799754515168,3,1,0,3,0,0,82.2376,9.0685,6.9544,0.2542,0.184920473083197
"4dcc8fe6629db47e7c7a50373b8ea82e","openml_hutsof99_logis","mlr","regr.plsr","Quality",8,70,"regr.plsr kernelpls",14.2575,49.04,0.113799754515168,3,1,0,3,0,0,79.8056,8.9334,7.2056,0.2461,0.182165579119086
"6a63083745cf7bff56ac343a232cf632","openml_hutsof99_logis","mlr","regr.svm","Quality",8,70,"regr.svm polynomial",14.2575,49.04,0.113799754515168,3,1,0,3,0,0,86.7477,9.3138,7.1244,0.2444,0.18992251223491
"7be0f5c33ea28bbc4a9d96cb1abbf33a","openml_hutsof99_logis","mlr","regr.plsr","Quality",8,70,"regr.plsr simpls",14.2575,49.04,0.113799754515168,3,1,0,3,0,0,79.8056,8.9334,7.2056,0.2461,0.182165579119086
"a0cd3ef5a40c8805f61695ca59e86e59","openml_hutsof99_logis","mlr","regr.gausspr","Quality",8,70,"regr.gausspr polydot",14.2575,49.04,0.113799754515168,3,1,0,3,0,0,77.8947,8.8258,7.0649,0.2715,0.17997145187602
"ad5af76c603208b1b782c1104020c0bb","openml_hutsof99_logis","mlr","regr.gausspr","Quality",8,70,"regr.gausspr rbfdot",14.2575,49.04,0.113799754515168,3,1,0,3,0,0,85.1972,9.2302,7.2359,0.233,0.188217781402936
"d31c8a1270f17087d70959fb51f6a3da","openml_hutsof99_logis","mlr","regr.gausspr","Quality",8,70,"regr.gausspr vanilladot",14.2575,49.04,0.113799754515168,3,1,0,3,0,0,77.8752,8.8247,7.0475,0.2712,0.179949021207178
"f9bc559ba1f06983858b103ea4603558","openml_hutsof99_logis","mlr","regr.svm","Quality",8,70,"regr.svm sigmoid",14.2575,49.04,0.113799754515168,3,1,0,3,0,0,75.2921,8.6771,6.5295,0.3072,0.176939233278956
"2daccba2e9fb0f30552ae8c45690a276","openml_kin8nm","mlr","regr.gausspr","y",9,8192,"regr.gausspr vanilladot",0.3778,1.4183,0.019587083112758,0,0,0,8,0,0,0.0408,0.202,0.1622,0.4124,0.142424028766834
"60a1ec0b372249e156c5eab9dee76e9b","openml_kin8nm","mlr","regr.svm","y",9,8192,"regr.svm polynomial",0.3778,1.4183,0.019587083112758,0,0,0,8,0,0,0.0355,0.1885,0.1506,0.4885,0.132905591200733
"791a52eab1caac03ec74111069d657c5","openml_kin8nm","mlr","regr.plsr","y",9,8192,"regr.plsr simpls",0.3778,1.4183,0.019587083112758,0,0,0,8,0,0,0.0408,0.202,0.1622,0.4124,0.142424028766834
"81b3f417f284cd797140712b689cc6be","openml_kin8nm","mlr","regr.gausspr","y",9,8192,"regr.gausspr polydot",0.3778,1.4183,0.019587083112758,0,0,0,8,0,0,0.0408,0.202,0.1622,0.4124,0.142424028766834
"8715f94e7553684931772d4da509093b","openml_kin8nm","mlr","regr.svm","y",9,8192,"regr.svm sigmoid",0.3778,1.4183,0.019587083112758,0,0,0,8,0,0,14.0796,3.7523,2.8531,-201.9549,2.64563209476133
"988c4f4994eb5b8e356748860112434f","openml_kin8nm","mlr","regr.plsr","y",9,8192,"regr.plsr oscorespls",0.3778,1.4183,0.019587083112758,0,0,0,8,0,0,0.0408,0.202,0.1622,0.4124,0.142424028766834
"a63077c5a538a30e97a4fdd1bbaa3aef","openml_kin8nm","mlr","regr.svm","y",9,8192,"regr.svm radial",0.3778,1.4183,0.019587083112758,0,0,0,8,0,0,0.0069,0.0829,0.0623,0.901,0.058450257350349
"aa233ccac855a69973542481d1466780","openml_kin8nm","mlr","regr.gausspr","y",9,8192,"regr.gausspr rbfdot",0.3778,1.4183,0.019587083112758,0,0,0,8,0,0,0.0112,0.1059,0.0811,0.8385,0.0746668546851865
"baabc8e088740f9aca9133a674e96abf","openml_kin8nm","mlr","regr.plsr","y",9,8192,"regr.plsr kernelpls",0.3778,1.4183,0.019587083112758,0,0,0,8,0,0,0.0408,0.202,0.1622,0.4124,0.142424028766834
"044928e02e8361e90e48efd01c0affdf","openml_liver-disorders","mlr","regr.plsr","drinks",7,345,"regr.plsr oscorespls",5.5,20,0.0909090909090909,1,0,0,4,1,0,9.3438,3.0568,2.3816,0.1266,0.15284
"051fe701c91c3542b4e8ba357739a075","openml_liver-disorders","mlr","regr.gausspr","drinks",7,345,"regr.gausspr vanilladot",5.5,20,0.0909090909090909,1,0,0,4,1,0,9.3396,3.0561,2.3815,0.1273,0.152805
"40609dd8b13590fe7eb41f820eb2be01","openml_liver-disorders","mlr","regr.svm","drinks",7,345,"regr.svm radial",5.5,20,0.0909090909090909,1,0,0,4,1,0,9.2639,3.0437,2.2948,0.1372,0.152185
"643e082583bdce93a2708acc5c36e06e","openml_liver-disorders","mlr","regr.plsr","drinks",7,345,"regr.plsr simpls",5.5,20,0.0909090909090909,1,0,0,4,1,0,9.3438,3.0568,2.3816,0.1266,0.15284
"68f16a362a9cdfd8bee8a5f3ea5a8358","openml_liver-disorders","mlr","regr.gausspr","drinks",7,345,"regr.gausspr rbfdot",5.5,20,0.0909090909090909,1,0,0,4,1,0,8.9959,2.9993,2.3322,0.152,0.149965
"a73d7c9ccd9e514dcf202f2e1a8dc2e5","openml_liver-disorders","mlr","regr.plsr","drinks",7,345,"regr.plsr kernelpls",5.5,20,0.0909090909090909,1,0,0,4,1,0,9.3438,3.0568,2.3816,0.1266,0.15284
"c99139696cab992a6e8d2e04efd1ad4b","openml_liver-disorders","mlr","regr.svm","drinks",7,345,"regr.svm sigmoid",5.5,20,0.0909090909090909,1,0,0,4,1,0,278.6812,16.6937,7.2435,-26.6424,0.834685
"da9063e7eb39a35e63c281d664fab2a7","openml_liver-disorders","mlr","regr.gausspr","drinks",7,345,"regr.gausspr polydot",5.5,20,0.0909090909090909,1,0,0,4,1,0,9.3396,3.0561,2.3816,0.1273,0.152805
"e598dbfba4dfbb3ca6c25aae43bc0b2f","openml_liver-disorders","mlr","regr.svm","drinks",7,345,"regr.svm polynomial",5.5,20,0.0909090909090909,1,0,0,4,1,0,19.0034,4.3593,2.7331,-1.0394,0.217965
"01817f160006d155cf5f9de7ea4cd2c4","openml_longley","mlr","regr.gausspr","employed",7,16,"regr.gausspr vanilladot",5578,10380,-0.000896378630333453,0,0,0,5,1,0,372632.8794,610.4366,495.5846,0.7682,0.0588089210019268
"68e5280ac3ce94b1cdf06ed053f30919","openml_longley","mlr","regr.plsr","employed",7,16,"regr.plsr simpls",5578,10380,-0.000896378630333453,0,0,0,5,1,0,179571.309,423.7586,356.3814,0.8796,0.040824527938343
"7a48718db50a3f3236f0676581fb9a37","openml_longley","mlr","regr.svm","employed",7,16,"regr.svm radial",5578,10380,-0.000896378630333453,0,0,0,5,1,0,893909.0975,945.4677,768.3783,0.5446,0.0910855202312139
"93e0c35b13ac09c679376487d5037ecf","openml_longley","mlr","regr.plsr","employed",7,16,"regr.plsr oscorespls",5578,10380,-0.000896378630333453,0,0,0,5,1,0,180384.1104,424.7165,356.8566,0.8794,0.0409168111753372
"cd0ef8fc6fc7a48ff792a8c93f9d7921","openml_longley","mlr","regr.svm","employed",7,16,"regr.svm polynomial",5578,10380,-0.000896378630333453,0,0,0,5,1,0,4172811.9113,2042.7462,1778.834,-5.8578,0.196796358381503
"e162f43f2e96f9d90bfd032b5b993560","openml_longley","mlr","regr.gausspr","employed",7,16,"regr.gausspr polydot",5578,10380,-0.000896378630333453,0,0,0,5,1,0,372632.8794,610.4366,495.5846,0.7682,0.0588089210019268
"e91cc97edc3a25f877b6dee023daf301","openml_longley","mlr","regr.plsr","employed",7,16,"regr.plsr kernelpls",5578,10380,-0.000896378630333453,0,0,0,5,1,0,180383.714,424.716,356.8564,0.8794,0.0409167630057804
"ed99195ff055f93df0efc42c11edae08","openml_longley","mlr","regr.svm","employed",7,16,"regr.svm sigmoid",5578,10380,-0.000896378630333453,0,0,0,5,1,0,1512335.6119,1229.7706,924.6816,-2.1604,0.118475009633911
"ee072b13bb59fb27e68a819eca03858b","openml_longley","mlr","regr.gausspr","employed",7,16,"regr.gausspr rbfdot",5578,10380,-0.000896378630333453,0,0,0,5,1,0,2423304.2437,1556.6966,1391.3999,-0.7514,0.149970770712909
"0460807d984ed37b8cdb27f16519f6d3","openml_lowbwt","mlr","regr.svm","class",10,189,"regr.svm polynomial",1061,4281,-0.061262959472196,4,2,1,1,1,0,411598.482,641.5594,511.5059,0.2185,0.14986204157907
"0d4aed1a340952772410f889200de9c1","openml_lowbwt","mlr","regr.plsr","class",10,189,"regr.plsr simpls",1061,4281,-0.061262959472196,4,2,1,1,1,0,226646.4415,476.074,378.5831,0.5546,0.111206260219575
"1185d44e047694e38709329e3e0e8d5a","openml_lowbwt","mlr","regr.gausspr","class",10,189,"regr.gausspr polydot",1061,4281,-0.061262959472196,4,2,1,1,1,0,211670.6775,460.0768,369.0247,0.5864,0.107469469750058
"25ca735fc9b3ed7824676ffc43daae41","openml_lowbwt","mlr","regr.plsr","class",10,189,"regr.plsr oscorespls",1061,4281,-0.061262959472196,4,2,1,1,1,0,4.51814552056585e+33,67217151981959600,23528589204730500,-1.02071467199123e+28,15701273530006.9
"666552e1529d2b49480b8ffee722530c","openml_lowbwt","mlr","regr.gausspr","class",10,189,"regr.gausspr vanilladot",1061,4281,-0.061262959472196,4,2,1,1,1,0,211058.229,459.4107,368.7343,0.587,0.107313875262789
"83c562bbd2deabf7f2505bb76989b5cb","openml_lowbwt","mlr","regr.plsr","class",10,189,"regr.plsr kernelpls",1061,4281,-0.061262959472196,4,2,1,1,1,0,217011.0778,465.8445,372.9369,0.5764,0.108816748423266
"bfeec5b02f1f753bde3c4edc99b7b35f","openml_lowbwt","mlr","regr.svm","class",10,189,"regr.svm sigmoid",1061,4281,-0.061262959472196,4,2,1,1,1,0,219633.4831,468.6507,361.0729,0.5775,0.109472249474422
"c9d1820bb7cd570f31778f213836a357","openml_lowbwt","mlr","regr.svm","class",10,189,"regr.svm radial",1061,4281,-0.061262959472196,4,2,1,1,1,0,221870.1784,471.031,367.3892,0.5746,0.1100282644242
"ebe33c08aa593992774f9a0d37c38953","openml_lowbwt","mlr","regr.gausspr","class",10,189,"regr.gausspr rbfdot",1061,4281,-0.061262959472196,4,2,1,1,1,0,236323.0822,486.1307,372.8301,0.5469,0.113555407615043
"0c0cb37e283157454ee4c7a4b62d987e","openml_mbagrade","mlr","regr.gausspr","grade_point_average",3,61,"regr.gausspr polydot",0.381,1.372,-0.175853018372703,1,0,0,1,0,0,0.0927,0.3045,0.2317,-0.1759,0.221938775510204
"500d415ae37ed9fd40c8854e1398a755","openml_mbagrade","mlr","regr.gausspr","grade_point_average",3,61,"regr.gausspr vanilladot",0.381,1.372,-0.175853018372703,1,0,0,1,0,0,0.0928,0.3046,0.2316,-0.1762,0.22201166180758
"5f7f3df0da5b4e9a83bab6a74cbae8dc","openml_mbagrade","mlr","regr.plsr","grade_point_average",3,61,"regr.plsr simpls",0.381,1.372,-0.175853018372703,1,0,0,1,0,0,0.0928,0.3047,0.2311,-0.1798,0.222084548104956
"621e7b2da46bd2ec963dd88434fd8fa9","openml_mbagrade","mlr","regr.gausspr","grade_point_average",3,61,"regr.gausspr rbfdot",0.381,1.372,-0.175853018372703,1,0,0,1,0,0,0.1205,0.3471,0.2684,-0.4641,0.25298833819242
"650f46e36318b303662dfc0a52356bd9","openml_mbagrade","mlr","regr.svm","grade_point_average",3,61,"regr.svm radial",0.381,1.372,-0.175853018372703,1,0,0,1,0,0,0.1025,0.3201,0.2445,-0.2697,0.233309037900875
"787b3a1390bbe836b8987b9a6d7ad8a4","openml_mbagrade","mlr","regr.svm","grade_point_average",3,61,"regr.svm sigmoid",0.381,1.372,-0.175853018372703,1,0,0,1,0,0,0.1446,0.3802,0.2965,-0.7738,0.277113702623907
"c1b565f1a66c161ce6c7cca5516c7ea4","openml_mbagrade","mlr","regr.plsr","grade_point_average",3,61,"regr.plsr kernelpls",0.381,1.372,-0.175853018372703,1,0,0,1,0,0,0.0928,0.3047,0.2311,-0.1798,0.222084548104956
"c4be1c66c37c9b65e07e34170793dff7","openml_mbagrade","mlr","regr.svm","grade_point_average",3,61,"regr.svm polynomial",0.381,1.372,-0.175853018372703,1,0,0,1,0,0,0.0894,0.299,0.2374,-0.1097,0.217930029154519
"c6049afb70bcd40623dfcf3de0b8486d","openml_mbagrade","mlr","regr.plsr","grade_point_average",3,61,"regr.plsr oscorespls",0.381,1.372,-0.175853018372703,1,0,0,1,0,0,0.0928,0.3047,0.2311,-0.1798,0.222084548104956
"062052528ecb89bdcbea17fb5d57cc56","openml_rabe_166","mlr","regr.plsr","col_3",3,40,"regr.plsr oscorespls",55.25,95,0.18552036199095,0,0,0,2,0,0,8.595,2.9317,2.4889,0.9863,0.03086
"1c605492d2ef9ec0fe6dfc809b6ac8c5","openml_rabe_166","mlr","regr.plsr","col_3",3,40,"regr.plsr kernelpls",55.25,95,0.18552036199095,0,0,0,2,0,0,8.595,2.9317,2.4889,0.9863,0.03086
"298a5df934d11ad8a6df8d7411313a33","openml_rabe_166","mlr","regr.svm","col_3",3,40,"regr.svm sigmoid",55.25,95,0.18552036199095,0,0,0,2,0,0,1225.0129,35.0002,29.6892,-0.7231,0.368423157894737
"7966fbb05a3fbfeda9ff032b8a9727b9","openml_rabe_166","mlr","regr.svm","col_3",3,40,"regr.svm polynomial",55.25,95,0.18552036199095,0,0,0,2,0,0,260.8479,16.1508,13.3016,0.5795,0.170008421052632
"a2cdf66b34c280b3a0df3f0c7cccd047","openml_rabe_166","mlr","regr.gausspr","col_3",3,40,"regr.gausspr polydot",55.25,95,0.18552036199095,0,0,0,2,0,0,12.3202,3.51,2.9267,0.9783,0.0369473684210526
"b9ff85a1a263da2241af8be3604982b6","openml_rabe_166","mlr","regr.gausspr","col_3",3,40,"regr.gausspr vanilladot",55.25,95,0.18552036199095,0,0,0,2,0,0,12.3202,3.51,2.9267,0.9783,0.0369473684210526
"bafa5a7fbbb8a8068b7167a29abfc89d","openml_rabe_166","mlr","regr.gausspr","col_3",3,40,"regr.gausspr rbfdot",55.25,95,0.18552036199095,0,0,0,2,0,0,100.6444,10.0322,7.0069,0.8904,0.105602105263158
"d6abd4b2b4bd7cfcfe3dc7d4be403f1f","openml_rabe_166","mlr","regr.plsr","col_3",3,40,"regr.plsr simpls",55.25,95,0.18552036199095,0,0,0,2,0,0,8.595,2.9317,2.4889,0.9863,0.03086
"f41a33c3668cae7548792c2a40d92656","openml_rabe_166","mlr","regr.svm","col_3",3,40,"regr.svm radial",55.25,95,0.18552036199095,0,0,0,2,0,0,15.4147,3.9262,2.833,0.9795,0.0413284210526316
"218c2b1b79c9dd35a575cdfed7bad2e6","openml_rmftsa_ctoarrivals","mlr","regr.plsr","arrivals",3,264,"regr.plsr simpls",129928.75,352581,0.360965144357965,0,0,1,1,0,0,3389870741.8829,58222.5965,44443.6763,0.5179,0.165132541174936
"242c2e3054b8d20cb8cb020690550a65","openml_rmftsa_ctoarrivals","mlr","regr.plsr","arrivals",3,264,"regr.plsr oscorespls",129928.75,352581,0.360965144357965,0,0,1,1,0,0,1193840241.4964,34551.9933,28544.289,0.8377,0.0979973206156883
"276e21cd1ef4bf869d75a7ac9b5f8485","openml_rmftsa_ctoarrivals","mlr","regr.svm","arrivals",3,264,"regr.svm polynomial",129928.75,352581,0.360965144357965,0,0,1,1,0,0,6767957923.4458,82267.5995,60597.9802,0.0857,0.233329644819205
"484dd6a26a4c2f8f85f933d2f044c7a7","openml_rmftsa_ctoarrivals","mlr","regr.svm","arrivals",3,264,"regr.svm sigmoid",129928.75,352581,0.360965144357965,0,0,1,1,0,0,1622265823.3077,40277.3612,30994.8834,0.7802,0.114235767667571
"9cbfa14091834a4219b35304908f996e","openml_rmftsa_ctoarrivals","mlr","regr.gausspr","arrivals",3,264,"regr.gausspr polydot",129928.75,352581,0.360965144357965,0,0,1,1,0,0,1196005446.5402,34583.3117,28254.4988,0.8375,0.098086146729404
"c779097b455904fcda98ba89fb00ab7e","openml_rmftsa_ctoarrivals","mlr","regr.gausspr","arrivals",3,264,"regr.gausspr rbfdot",129928.75,352581,0.360965144357965,0,0,1,1,0,0,556570291.6902,23591.742,16307.7245,0.9245,0.06691155223906
"f0192fe25e46545455932e8fe03cbb27","openml_rmftsa_ctoarrivals","mlr","regr.gausspr","arrivals",3,264,"regr.gausspr vanilladot",129928.75,352581,0.360965144357965,0,0,1,1,0,0,1196288044.3418,34587.3972,28251.0662,0.8375,0.0980977341376875
"fd87a86f82f33ed7bdea94de3d375ae2","openml_rmftsa_ctoarrivals","mlr","regr.plsr","arrivals",3,264,"regr.plsr kernelpls",129928.75,352581,0.360965144357965,0,0,1,1,0,0,1193840241.5131,34551.9933,28544.289,0.8377,0.0979973206156883
"ff26f7036041536b5a9031f4b2ad9177","openml_rmftsa_ctoarrivals","mlr","regr.svm","arrivals",3,264,"regr.svm radial",129928.75,352581,0.360965144357965,0,0,1,1,0,0,738763866.2496,27180.2109,19376.3085,0.9003,0.0770892671471236
"0e858b80930be53db33dc76ebb3e6218","openml_tecator","mlr","regr.gausspr","fat",125,240,"regr.gausspr rbfdot",21.25,57.6,0.395294117647059,0,0,0,107,17,0,40.2643,6.3454,3.5884,0.8165,0.110163194444444
"25235ad831e85e9eda2c2dfef2ae38f7","openml_tecator","mlr","regr.svm","fat",125,240,"regr.svm radial",21.25,57.6,0.395294117647059,0,0,0,107,17,0,14.2161,3.7704,2.1185,0.9304,0.0654583333333333
"3923acf76a9b339ea34b9754419420ae","openml_tecator","mlr","regr.plsr","fat",125,240,"regr.plsr kernelpls",21.25,57.6,0.395294117647059,0,0,0,107,17,0,2.7107,1.6464,0.855,0.9882,0.0285833333333333
"7468c25254ea7893ad1a061b86713862","openml_tecator","mlr","regr.plsr","fat",125,240,"regr.plsr oscorespls",21.25,57.6,0.395294117647059,0,0,0,107,17,0,12.2868,3.5053,2.3653,0.9459,0.0608559027777778
"7caedbb1d41acbf35f58d6636b7606c9","openml_tecator","mlr","regr.gausspr","fat",125,240,"regr.gausspr vanilladot",21.25,57.6,0.395294117647059,0,0,0,107,17,0,0.8897,0.9432,0.6408,0.9956,0.016375
"a249f960b7d7340551c3f5967c34f781","openml_tecator","mlr","regr.plsr","fat",125,240,"regr.plsr simpls",21.25,57.6,0.395294117647059,0,0,0,107,17,0,838641.563,915.7738,699.5263,-4725.6448,15.8988506944444
"b8f7db020a900c47da80033c2b271a98","openml_tecator","mlr","regr.svm","fat",125,240,"regr.svm sigmoid",21.25,57.6,0.395294117647059,0,0,0,107,17,0,12919.8658,113.6656,82.79,-69.9632,1.97336111111111
"f9beaa1aa8d40794f92991b14a0af38b","openml_tecator","mlr","regr.gausspr","fat",125,240,"regr.gausspr polydot",21.25,57.6,0.395294117647059,0,0,0,107,17,0,0.8897,0.9432,0.6408,0.9956,0.016375
"fdacb5951bb702fb582b8973245ab815","openml_tecator","mlr","regr.svm","fat",125,240,"regr.svm polynomial",21.25,57.6,0.395294117647059,0,0,0,107,17,0,152.8231,12.3622,8.2805,0.1915,0.214621527777778
"17b03d7093f50d514af7d2d351a9a702","openml_triazines","mlr","regr.plsr","activity",61,186,"regr.plsr kernelpls",0.1682,0.8,-0.0725326991676581,0,0,0,5,1,54,336976734716854016,580496972.1858,75683001.4895,-1.3325688884509e+19,725621215.23225
"1b0fa88671657eb12404ec9a7f70e54e","openml_triazines","mlr","regr.svm","activity",61,186,"regr.svm polynomial",0.1682,0.8,-0.0725326991676581,0,0,0,5,1,54,0.0249,0.158,0.115,-0.0204,0.1975
"1b59c32bcee8c4472a9fed2366ac6717","openml_triazines","mlr","regr.gausspr","activity",61,186,"regr.gausspr polydot",0.1682,0.8,-0.0725326991676581,0,0,0,5,1,54,0.0207,0.1439,0.1081,0.085,0.179875
"46748294cfa4ccb9f9333f218ebeed88","openml_triazines","mlr","regr.plsr","activity",61,186,"regr.plsr oscorespls",0.1682,0.8,-0.0725326991676581,0,0,0,5,1,54,1.69608413329838e+29,411835420198212,304156462028946,-8.28817035834138e+30,514794275247765
"806a82224e189be825f208c8888659ba","openml_triazines","mlr","regr.plsr","activity",61,186,"regr.plsr simpls",0.1682,0.8,-0.0725326991676581,0,0,0,5,1,54,0.4013,0.6334,0.4625,-14.4591,0.79175
"8bead8617256c4133d7ef42f88e355e2","openml_triazines","mlr","regr.gausspr","activity",61,186,"regr.gausspr vanilladot",0.1682,0.8,-0.0725326991676581,0,0,0,5,1,54,0.028,0.1674,0.1302,-0.271,0.20925
"b46e52d85ed736f765a64c78264ad84a","openml_triazines","mlr","regr.gausspr","activity",61,186,"regr.gausspr rbfdot",0.1682,0.8,-0.0725326991676581,0,0,0,5,1,54,0.0285,0.1687,0.1307,-0.2049,0.210875
"de5f00b3148eabccd092549fe366171b","openml_triazines","mlr","regr.svm","activity",61,186,"regr.svm sigmoid",0.1682,0.8,-0.0725326991676581,0,0,0,5,1,54,0.0212,0.1457,0.1022,0.1182,0.182125
"e7a5580281b43d0c3e966c7840216512","openml_triazines","mlr","regr.svm","activity",61,186,"regr.svm radial",0.1682,0.8,-0.0725326991676581,0,0,0,5,1,54,0.0208,0.1441,0.1014,0.1331,0.180125
"0ca72be37b5254b9a187b9c7a2dcacca","openml_visualizing_environmental","mlr","regr.gausspr","wind",4,111,"regr.gausspr polydot",4.1,18.4,-0.121951219512195,0,0,0,1,2,0,8.2316,2.8691,2.2156,0.2788,0.155929347826087
"27fe33e606fa9fefcb3021d9833c0e52","openml_visualizing_environmental","mlr","regr.svm","wind",4,111,"regr.svm sigmoid",4.1,18.4,-0.121951219512195,0,0,0,1,2,0,97.9351,9.8962,7.6199,-8.3746,0.537836956521739
"381ad80a21b05a85fb10a11f0f3ff93c","openml_visualizing_environmental","mlr","regr.plsr","wind",4,111,"regr.plsr oscorespls",4.1,18.4,-0.121951219512195,0,0,0,1,2,0,8.2356,2.8698,2.218,0.2776,0.155967391304348
"42ba4c2ed854b9d01c5728d870e0de11","openml_visualizing_environmental","mlr","regr.plsr","wind",4,111,"regr.plsr simpls",4.1,18.4,-0.121951219512195,0,0,0,1,2,0,8.2356,2.8698,2.218,0.2776,0.155967391304348
"44990c0005bf5370fd31fd3f72c70896","openml_visualizing_environmental","mlr","regr.svm","wind",4,111,"regr.svm polynomial",4.1,18.4,-0.121951219512195,0,0,0,1,2,0,9.9699,3.1575,2.3406,0.0806,0.171603260869565
"489950e99b972ac02ba96c69725ee83b","openml_visualizing_environmental","mlr","regr.gausspr","wind",4,111,"regr.gausspr rbfdot",4.1,18.4,-0.121951219512195,0,0,0,1,2,0,9.5997,3.0983,2.4411,0.1587,0.168385869565217
"5d142e7ea509d1e51030c8e5ad72fe43","openml_visualizing_environmental","mlr","regr.gausspr","wind",4,111,"regr.gausspr vanilladot",4.1,18.4,-0.121951219512195,0,0,0,1,2,0,8.2316,2.8691,2.2156,0.2788,0.155929347826087
"7ead85a2fe1cf0ded7a6857418e2dcd5","openml_visualizing_environmental","mlr","regr.plsr","wind",4,111,"regr.plsr kernelpls",4.1,18.4,-0.121951219512195,0,0,0,1,2,0,8.2356,2.8698,2.218,0.2776,0.155967391304348
"e92efade1d5310ba835ac68756945f38","openml_visualizing_environmental","mlr","regr.svm","wind",4,111,"regr.svm radial",4.1,18.4,-0.121951219512195,0,0,0,1,2,0,9.2598,3.043,2.3607,0.201,0.165380434782609
"16614e492ecb6d8e160b1b9b9ab706e6","openml_visualizing_slope","mlr","regr.svm","resolution",4,44,"regr.svm polynomial",6.7091,19.4703,0.242640592627923,0,0,0,2,1,0,6.9026,2.6273,1.9257,0.6938,0.134938855590309
"58790fdc008ef06ddece291184abd451","openml_visualizing_slope","mlr","regr.gausspr","resolution",4,44,"regr.gausspr rbfdot",6.7091,19.4703,0.242640592627923,0,0,0,2,1,0,3.4822,1.8661,1.2417,0.8521,0.0958434127876817
"736889df97ead4077335d900553f00b1","openml_visualizing_slope","mlr","regr.plsr","resolution",4,44,"regr.plsr kernelpls",6.7091,19.4703,0.242640592627923,0,0,0,2,1,0,1.1931,1.0923,0.8363,0.9437,0.056100830495678
"76c71b39241c3c8f341b19c50a8564cf","openml_visualizing_slope","mlr","regr.plsr","resolution",4,44,"regr.plsr oscorespls",6.7091,19.4703,0.242640592627923,0,0,0,2,1,0,1.1931,1.0923,0.8363,0.9437,0.056100830495678
"7e8ff8a9b5532ab618ee119f6e1d450d","openml_visualizing_slope","mlr","regr.gausspr","resolution",4,44,"regr.gausspr vanilladot",6.7091,19.4703,0.242640592627923,0,0,0,2,1,0,1.3631,1.1675,0.9131,0.9351,0.0599631233211609
"bcd1546b4973b19c926b623b154534f0","openml_visualizing_slope","mlr","regr.plsr","resolution",4,44,"regr.plsr simpls",6.7091,19.4703,0.242640592627923,0,0,0,2,1,0,1.1931,1.0923,0.8363,0.9437,0.056100830495678
"c2c1383c494d57a4edf871a0d6cfb513","openml_visualizing_slope","mlr","regr.gausspr","resolution",4,44,"regr.gausspr polydot",6.7091,19.4703,0.242640592627923,0,0,0,2,1,0,1.3631,1.1675,0.9131,0.9351,0.0599631233211609
"d366c87a0877a725de40813cdb164345","openml_visualizing_slope","mlr","regr.svm","resolution",4,44,"regr.svm sigmoid",6.7091,19.4703,0.242640592627923,0,0,0,2,1,0,44.1866,6.6473,5.3699,-1.1741,0.341407168867455
"fd050326705ca27f4f7d53f7196a6b06","openml_visualizing_slope","mlr","regr.svm","resolution",4,44,"regr.svm radial",6.7091,19.4703,0.242640592627923,0,0,0,2,1,0,1.7476,1.322,0.7464,0.9335,0.0678982861075587
"0c67c4d8734709b4dd0665ef2bd607b1","openml_wind","mlr","regr.svm","MAL",15,6574,"regr.svm sigmoid",9.12,41.87,0.0592105263157894,0,0,0,14,0,0,1180193.3285,1086.367,703.4987,-26339.0064,25.9461905899212
"2d7d5e2e7ea4ed0292af848ffbf4ea59","openml_wind","mlr","regr.gausspr","MAL",15,6574,"regr.gausspr vanilladot",9.12,41.87,0.0592105263157894,0,0,0,14,0,0,10.8507,3.294,2.5237,0.758,0.0786720802483879
"3452855b13eb2f14f855a8fd34d96ee6","openml_wind","mlr","regr.plsr","MAL",15,6574,"regr.plsr kernelpls",9.12,41.87,0.0592105263157894,0,0,0,14,0,0,10.8508,3.2941,2.5237,0.758,0.0786744685932649
"7e0dabcf0fe74f51c2053ef5ba57cec5","openml_wind","mlr","regr.plsr","MAL",15,6574,"regr.plsr simpls",9.12,41.87,0.0592105263157894,0,0,0,14,0,0,10.8508,3.2941,2.5237,0.758,0.0786744685932649
"90fd7a585f1ee4f6cd7b660aa0d569fb","openml_wind","mlr","regr.svm","MAL",15,6574,"regr.svm radial",9.12,41.87,0.0592105263157894,0,0,0,14,0,0,9.0251,3.0042,2.2843,0.7987,0.0717506567948412
"df496b91d9a717e2d6a688b22c66b963","openml_wind","mlr","regr.svm","MAL",15,6574,"regr.svm polynomial",9.12,41.87,0.0592105263157894,0,0,0,14,0,0,16.0726,4.0091,2.9998,0.6413,0.0957511344638166
"e338603abfe51d74dff8e503244146e1","openml_wind","mlr","regr.gausspr","MAL",15,6574,"regr.gausspr polydot",9.12,41.87,0.0592105263157894,0,0,0,14,0,0,10.8507,3.294,2.5237,0.758,0.0786720802483879
"e652c7fb6197170589ee88e1fe4e76f8","openml_wind","mlr","regr.plsr","MAL",15,6574,"regr.plsr oscorespls",9.12,41.87,0.0592105263157894,0,0,0,14,0,0,10.8508,3.2941,2.5237,0.758,0.0786744685932649
"fc92c1fc20ab8699423d8a77a50dc87a","openml_wind","mlr","regr.gausspr","MAL",15,6574,"regr.gausspr rbfdot",9.12,41.87,0.0592105263157894,0,0,0,14,0,0,9.1767,3.0293,2.3072,0.7953,0.0723501313589682
"2383fb639b5cb83d799c948148174022","openml_wisconsin","mlr","regr.svm","time",33,194,"regr.svm radial",58.75,124,0.140425531914894,0,0,0,26,6,0,1157.4125,34.0208,27.8865,0.0108,0.274361290322581
"4650d768154a3787cb9bf05e87a1595c","openml_wisconsin","mlr","regr.plsr","time",33,194,"regr.plsr oscorespls",58.75,124,0.140425531914894,0,0,0,26,6,0,1160.6734,34.0687,27.9926,0.0091,0.274747580645161
"7306cc05bf9d5322c8bd89f1070b41f9","openml_wisconsin","mlr","regr.svm","time",33,194,"regr.svm sigmoid",58.75,124,0.140425531914894,0,0,0,26,6,0,2224.9292,47.1692,34.3494,-0.929,0.380396774193548
"7dfbde24e2d7c53f3c0b5d834efbe8b8","openml_wisconsin","mlr","regr.plsr","time",33,194,"regr.plsr widekernelpls",58.75,124,0.140425531914894,0,0,0,26,6,0,3.01938994719954e+21,54948975852.1443,19839421337.7259,-2230600472982010112,443136902.033422
"9b97892b94db4763a004dceb2b7488d2","openml_wisconsin","mlr","regr.gausspr","time",33,194,"regr.gausspr vanilladot",58.75,124,0.140425531914894,0,0,0,26,6,0,1061.1377,32.5751,27.0328,0.0925,0.262702419354839
"ad7ee23ee9fefbe055695d9aae36db4a","openml_wisconsin","mlr","regr.gausspr","time",33,194,"regr.gausspr rbfdot",58.75,124,0.140425531914894,0,0,0,26,6,0,1098.1367,33.1381,27.6154,0.0609,0.267242741935484
"ae73ae4325fb00c01e2650e60e23c257","openml_wisconsin","mlr","regr.svm","time",33,194,"regr.svm polynomial",58.75,124,0.140425531914894,0,0,0,26,6,0,1889.1542,43.4644,33.1248,-0.6066,0.35051935483871
"d4a712619cb7c89177aef7014500899d","openml_wisconsin","mlr","regr.gausspr","time",33,194,"regr.gausspr polydot",58.75,124,0.140425531914894,0,0,0,26,6,0,1061.1377,32.5751,27.0328,0.0925,0.262702419354839
"d85bf29dc051d032ee2ae653ac2ecb13","openml_wisconsin","mlr","regr.plsr","time",33,194,"regr.plsr kernelpls",58.75,124,0.140425531914894,0,0,0,26,6,0,1160.6662,34.0686,27.9925,0.0091,0.274746774193548
"db783ad6c5be6fc61089d5f5e5476a5f","openml_wisconsin","mlr","regr.plsr","time",33,194,"regr.plsr simpls",58.75,124,0.140425531914894,0,0,0,26,6,0,1160.7692,34.0701,27.9865,0.0091,0.274758870967742
