MSE,RMS,MAE,R2,ACC,AUC,SPE,REC,PRE,F1,model_ID
0.033,0.1817,0.1217,0.8662,NA,NA,NA,NA,NA,NA,25d9d874a28a8989e295fe65b193f1c7
17.82939,4.2184414,2.3967374,0.1943873,NA,NA,NA,NA,NA,NA,d610b12484e0832865b7770a58e3e252
0.9610404,0.980326,0.098032,0.960326,NA,NA,NA,NA,NA,NA,3b3b244bb8c811eee2435d534406befe
NA,NA,NA,NA,0.9397,0.9644,0.5175,0.9814,0.9538,0.9672,7d6b129d7f85a0cf7543cd8573269ae0
NA,NA,NA,NA,0.9203,0.9527,0.3738,0.9758,0.938,0.9564,c1579c748aa05b7c01dde63362f8f1e2
NA,NA,NA,NA,0.9204,0.9538,0.5663,0.9552,0.9582,0.9558,d2283d09084bcb91fce646cfb43f9690
NA,NA,NA,NA,0.9324,0.9399,0.5724,0.968,0.9581,0.9629,fc0d20ed4fcd676a328dacd71d5cf60c
69.15261,8.315805,6.597948,0.8949159,NA,NA,NA,NA,NA,NA,61f01a1058d3d2a2f0cc0ae3061f94e4
0.3928939,0.6268125,0.4881664,0.4073513,NA,NA,NA,NA,NA,NA,40bcd69481d6bc53abafa56e7a316146
0.3242,0.5694,0.4188,0.5083,NA,NA,NA,NA,NA,NA,5ca1382e2db158d4bd18e43dc91441dd
0.394638,0.6282022,0.484582,0.3983393,NA,NA,NA,NA,NA,NA,d8b526d0c578c78ff4430d521ba48ccb
0.0049628,0.070446972,0.040816092,0.328702076,NA,NA,NA,NA,NA,NA,578d766e499119fbe9057e45d739663d
NA,NA,NA,NA,0.6722,0.7286,0.8131,0.4939,0.6763,0.5707,4ee591b5cb17ed4fa2f332ad7998b950
NA,NA,NA,NA,0.6739,0.7239,0.8089,0.5029,0.6753,0.5765,cceb7a7795cc60c06fcf686110b07ee4
NA,NA,NA,NA,0.6951,0.7589,0.7716,0.5982,0.6742,0.6339,def026ac76b696bfc9aea433d9a1e581
0.2431,0.493,0.4851,0.0199,NA,NA,NA,NA,NA,NA,9f6a685a9d30e47223fdd383258ecae5
170606832,13061.66,10092.32,0.4486211,NA,NA,NA,NA,NA,NA,e0ae5a9a07b95e41e81739b94d67735b
0.1711,0.4137,0.3074,0.4323,NA,NA,NA,NA,NA,NA,3561eb2e52cf1ee0fa4502b510801758
0.0331,0.1819,0.11,0.8907,NA,NA,NA,NA,NA,NA,488606e0a89585c238575f03131e0f33
0.3838,0.6195,0.2399,-0.2428,NA,NA,NA,NA,NA,NA,51b8e2f48c66ac820cada52aa54d1483
0.1711,0.4137,0.3074,0.4323,NA,NA,NA,NA,NA,NA,5849e2aea87ed90dd38e7c98bdb64590
0.1711,0.4137,0.3074,0.4323,NA,NA,NA,NA,NA,NA,6fe1f9f980720b71efc6c5ea52585822
0.0361,0.1901,0.095,0.8807,NA,NA,NA,NA,NA,NA,761b17cb819d8ff237dc1a2123dcbda3
68.5043,8.2767,6.2536,-226.6721,NA,NA,NA,NA,NA,NA,aece76ec5ccb179dff9ec77054b75953
0.1711,0.4137,0.3074,0.4323,NA,NA,NA,NA,NA,NA,db5736627d99e042713619bfff9de5b1
0.1711,0.4137,0.3074,0.4323,NA,NA,NA,NA,NA,NA,dd3a1d136344582738d15090bbf6ac58
62.096174,7.8801126,6.2554594,0.4977999,NA,NA,NA,NA,NA,NA,e70039ead53198c467a8f17f4a705d34
149.8716,12.2422,9.0172,0.8377,NA,NA,NA,NA,NA,NA,70c912dc6d606a85501e09c8afbefec6
177.2695,13.3143,8.6664,0.8074,NA,NA,NA,NA,NA,NA,76bdc1c58aff873c81916cab6223724c
14709.9604,121.2846,120.7388,-112.307,NA,NA,NA,NA,NA,NA,72304e35adc17774e4b2eff429ad48c8
19.81668,4.451593,3.451177,0.850392,NA,NA,NA,NA,NA,NA,f43eac1d8cca3d365c54df528994169a
6914147.8628,2629.4767,1882.3674,0.7765,NA,NA,NA,NA,NA,NA,0dafe44ce3fe0e84c415260b9dc4f220
7111593.9813,2666.7572,1915.2552,0.7697,NA,NA,NA,NA,NA,NA,1adc10c9186f2ccc42cbb293c0009d0c
75994544.8267,8717.485,4864.8463,-1.242,NA,NA,NA,NA,NA,NA,437d67593eba67c27e223e757a1d72ad
9172452.7405,3028.6057,1781.3488,0.7291,NA,NA,NA,NA,NA,NA,4559bce5b39f66237b1f850b2e4543a0
12243798.4042,3499.1139,2024.1006,0.6247,NA,NA,NA,NA,NA,NA,4643106e0373dd8682e15b91bdbd3020
7111596.3146,2666.7576,1915.2566,0.7697,NA,NA,NA,NA,NA,NA,82003a15e55a7702dafd4e106753c3c1
7111596.3151,2666.7576,1915.2566,0.7697,NA,NA,NA,NA,NA,NA,9b28e92d084bfd519f1b731431248f9a
6922451.3929,2631.0552,1883.8056,0.7762,NA,NA,NA,NA,NA,NA,a9a0cbdf0a4925168aa15c8d8aeedf76
7533825.3072,2744.7815,1620.3632,0.7781,NA,NA,NA,NA,NA,NA,dd727d3a588c928dc9b8066c643a480a
NA,NA,NA,NA,0.9022642,0.9659427,0.8715205,0.9274817,0.8986402,0.9127195,6980a7661aa7129e50550408000fa143
NA,NA,NA,NA,0.9053,0.925,0.397,0.9726,0.9241,0.9478,19df07e2ad30532f5143974ec555db82
NA,NA,NA,NA,0.8994,0.8962,0.2572,0.9844,0.9091,0.9453,3067cfb5d81c84c8bb60176c9de06d3d
NA,NA,NA,NA,0.9042,0.9151,0.5217,0.9549,0.9378,0.9463,442a06bdb7f7ca926f350241ffa1d866
NA,NA,NA,NA,0.8987,0.9052,0.2791,0.9808,0.9112,0.9448,4e48f327ad968786f912baa370f469e6
NA,NA,NA,NA,0.9015,0.9063,0.3442,0.9754,0.9182,0.9459,566a24ba0e74b4a1d62748e5296cc61b
NA,NA,NA,NA,0.8933,0.8423,0.3681,0.9629,0.92,0.941,b39d771db3ac1058d3bc7de57f97d78d
NA,NA,NA,NA,0.877,0.8586,0.5272,0.9233,0.9365,0.9298,bd6ef888d96fc904b3147adc3a1b4dc2
NA,NA,NA,NA,0.9002,0.8868,0.4767,0.9563,0.9324,0.9442,c3ea73f581864ec5d6cda2ea28194647
NA,NA,NA,NA,0.9037,0.9068,0.3804,0.973,0.9222,0.9469,d26a63f0cfe8e650be3df124396dde29
NA,NA,NA,NA,0.9007,0.76,0.3661,0.9715,0.9204,0.9453,f8b44110ff8358e71e3bbdaef2526f36
NA,NA,NA,NA,0.9082,0.9338,0.4871,0.964,0.9342,0.9489,3ad72ea5bd76d3b45ffd456aa5dcf17a
NA,NA,NA,NA,0.9015,0.9063,0.3442,0.9754,0.9182,0.9459,566a24ba0e74b4a1d62748e5296cc61b
NA,NA,NA,NA,0.9007,0.76,0.3661,0.9715,0.9204,0.9453,f8b44110ff8358e71e3bbdaef2526f36
NA,NA,NA,NA,0.9927,0.9999,0.9934,0.9922,0.9947,0.9934,026fbd7ebdee40e74ab7993231bdfeee
NA,NA,NA,NA,0.9927,0.9999,0.9934,0.9922,0.9947,0.9934,08048b48d78cc05fa7444c6f69da1393
NA,NA,NA,NA,0.9927,0.9999,0.9934,0.9922,0.9947,0.9934,0f416f89258de5a0f4945eb8979fe533
NA,NA,NA,NA,0.9927,0.9999,0.9934,0.9922,0.9947,0.9934,1fa946cb34beca9f85d58bbd3c4a23eb
NA,NA,NA,NA,0.9927,0.9999,0.9934,0.9922,0.9947,0.9934,217f9ced370bc9163b8d50118b911cf1
NA,NA,NA,NA,0.9978129,1,1,0.9961534,1,0.9980661,329e26fc4ac7088ca02526dd5ab088ea
NA,NA,NA,NA,0.9927,0.9999,0.9934,0.9922,0.9947,0.9934,444ba9284c6adba3028783216e79a967
NA,NA,NA,NA,0.9927,0.9999,0.9949,0.9908,0.9962,0.9935,5afabfed38d286d9c9b55f09d503fb9e
NA,NA,NA,NA,0.9927,0.9999,0.9934,0.9922,0.9947,0.9934,6a631ec3f8de09e3c8f6bbe8c3164a3a
NA,NA,NA,NA,0.9927,0.9999,0.9949,0.9908,0.9962,0.9935,719cff0a54618bd5aa48cb4fbb26a8b8
NA,NA,NA,NA,0.9927,0.9999,0.9949,0.9908,0.9962,0.9935,7e887a1f134ecfa0e2632ffb1169044d
NA,NA,NA,NA,0.9927,0.9999,0.9949,0.9908,0.9962,0.9935,a7543cdebc3c00e848f7dd9d80d0ab2b
NA,NA,NA,NA,0.9927,0.9999,0.9934,0.9922,0.9947,0.9934,e3fb4fd324d32fffb460764dee9d5895
NA,NA,NA,NA,0.9927,0.9999,0.9949,0.9908,0.9962,0.9935,e7a9ce270d8247e28aa7cc346b3a39c7
NA,NA,NA,NA,0.9927,0.9999,0.9934,0.9922,0.9947,0.9934,ea0110d8dd0b2174a5655a14d5d3ece7
NA,NA,NA,NA,0.9927,0.9999,0.9934,0.9922,0.9947,0.9934,ec97b5296fb7a407343be99fdf1e3e06
2.509221,1.584052,1.243836,0.4580378,NA,NA,NA,NA,NA,NA,1af103d55130314ed79889c3db375d5b
51.53766,7.178974,5.780129,0.2560569,NA,NA,NA,NA,NA,NA,38e19ef4ab959caebda3edc6cb0780b3
NA,NA,NA,NA,0.8854,0.9491,0.8356,0.9175,0.8868,0.9017,177fc14c22ba89ff2426fe40ad1a8c32
NA,NA,NA,NA,0.8596,0.9307,0.8084,0.8877,0.8743,0.8806,1e272b2216101c23432a798ece55d329
NA,NA,NA,NA,0.8655,0.9315,0.8204,0.8914,0.8797,0.8852,398e2c1adf55c3af542ad398385d233e
NA,NA,NA,NA,0.8556,0.9149,0.7867,0.893,0.8637,0.8777,5b8e66e8fd1ecf4020053a2af113c394
NA,NA,NA,NA,0.8537,0.9302,0.7882,0.891,0.862,0.8763,943368e96b27dfa62ba668ffdeb067b1
NA,NA,NA,NA,0.8893,0.9479,0.8472,0.9184,0.8926,0.9051,b67e683e3f892e00ee56abfbce053b69
NA,NA,NA,NA,0.8834,0.9458,0.8495,0.9088,0.8922,0.8999,db1d88132af4dc3f2c6114a1495e1624
NA,NA,NA,NA,0.8715,0.9463,0.8261,0.8968,0.8839,0.8897,f3923e49f21bead9883a62b9e3f55de6
NA,NA,NA,NA,0.7364,0.6608,0.3262,0.9005,0.7682,0.8281,b629fee12bc484aede97f759d1767272
NA,NA,NA,NA,0.6931,0.6889741,0.4338235,0.8015385,0.773399,0.7872174,f57702688fff5d79201a00efc0f81a4c
146.3202,12.0963,8.3697,0.14,NA,NA,NA,NA,NA,NA,800e6b2ac2b9e0cb6309e97222354cc4
40.08765,6.331481,5.06487,0.7583533,NA,NA,NA,NA,NA,NA,e969aeb24ecf5f57be549b8cee168214
NA,NA,NA,NA,0.9556,0.9149,0.7349,0.9918,0.9579,0.9746,0157a600fb3cbe615b2bc29b15d2c783
NA,NA,NA,NA,0.9566,0.9165,0.7391,0.9923,0.9586,0.9752,0737cbd61e9ba725a34f3c616d664ea2
NA,NA,NA,NA,0.8578,0.8457,0.1705,0.9709,0.8767,0.9214,1b51fa3d952b65c7632347033aff5000
NA,NA,NA,NA,0.9566,0.9165,0.7391,0.9923,0.9586,0.9752,23cc982f8ccd5dbfa089e6ad46198c5d
NA,NA,NA,NA,0.9552,0.9154,0.7321,0.9918,0.9575,0.9744,376bb276bbcd9256523368db879d778f
NA,NA,NA,NA,0.9546,0.9227,0.7168,0.9937,0.9552,0.9741,3efc2cb3038b48ec412e6117555a100f
NA,NA,NA,NA,0.9552,0.9154,0.7321,0.9918,0.9575,0.9744,40ba59355ff973b1e9b06ad39f720b8b
NA,NA,NA,NA,0.9552,0.9154,0.7321,0.9918,0.9575,0.9744,4e785e70edbceb3baaabd444caa9cd5d
NA,NA,NA,NA,0.9566,0.9165,0.7391,0.9923,0.9586,0.9752,52e9deee466af9444b18f038a162958a
NA,NA,NA,NA,0.8554,0.8573,0.217,0.9604,0.8818,0.9194,54a68b94136a14c9f76d733ff53ccad9
NA,NA,NA,NA,0.882,0.7932,0.3045,0.977,0.8952,0.9343,78f10f5935583e71f81bb60cf2273b03
NA,NA,NA,NA,0.9566,0.9165,0.7391,0.9923,0.9586,0.9752,7aec5a585901fa0ed6f131b67696213f
NA,NA,NA,NA,0.854,0.8608,0.2044,0.9609,0.8801,0.9187,a12cd1320d72e7b4ec0b9094bc9a7304
NA,NA,NA,NA,0.9556,0.9149,0.7349,0.9918,0.9579,0.9746,a2024e086b7136dac49e31f341d765c0
NA,NA,NA,NA,0.9556,0.9149,0.7349,0.9918,0.9579,0.9746,a87821770a9d685bd79dcf0a6b21c7b4
NA,NA,NA,NA,0.9552,0.9154,0.7321,0.9918,0.9575,0.9744,bc69e734f17db34a6aa14082d8fe8d9e
NA,NA,NA,NA,0.9566,0.9165,0.7391,0.9923,0.9586,0.9752,c80e6ac0b360ef231656a195ca967096
NA,NA,NA,NA,0.9556,0.9149,0.7349,0.9918,0.9579,0.9746,d9e73df343c4a48b5eb8385e4fe3d9af
NA,NA,NA,NA,0.9556,0.9245,0.7396,0.9911,0.9585,0.9746,dee39150bf865162012e9569ef960c5e
NA,NA,NA,NA,0.9552,0.9154,0.7321,0.9918,0.9575,0.9744,e3a068ebd2d8b4bbcf58b82ab51a8f7f
NA,NA,NA,NA,0.9556,0.9149,0.7349,0.9918,0.9579,0.9746,e66535ace56194e9745faabac6bcf089
NA,NA,NA,NA,0.8948,0.7898,0.4388,0.9702,0.9128,0.9406,fb1de61cfc264387165ac6534d48d3b5
0.1733,0.4163,0.26,0.815,NA,NA,NA,NA,NA,NA,4753f39ad4249ff97da8d5b9a5243072
9.917,3.1491,0.7872,-2.9168,NA,NA,NA,NA,NA,NA,4a227a967772e243a63804e6de4441f1
0.1733,0.4163,0.26,0.815,NA,NA,NA,NA,NA,NA,a676580715a8a3cf9f2951468ec96c81
0.1716,0.4143,0.2597,0.8162,NA,NA,NA,NA,NA,NA,c91d079eeb53c4df12a3dc20b599f92b
0.1733,0.4163,0.26,0.815,NA,NA,NA,NA,NA,NA,d0521d0977526dee010d91e21ef26fa8
1.2422,1.1145,0.5167,0.283,NA,NA,NA,NA,NA,NA,dfc2bc8935e3e39a3e62515fc3cd35e8
0.6514,0.8071,0.4016,0.5802,NA,NA,NA,NA,NA,NA,f0ce2780fe556a02501390dd5761681a
0.503,0.7092,0.3479,0.664,NA,NA,NA,NA,NA,NA,fb0961ce3dba82a80288a5c1aaad2d9b
0.1714,0.414,0.2597,0.8166,NA,NA,NA,NA,NA,NA,fe1a5f57410f48944387aab71e0e7660
93.0654,9.647,6.0735,0.725,NA,NA,NA,NA,NA,NA,0f163b2107ff07160873f7a454e90dcf
93.0643,9.647,6.0724,0.725,NA,NA,NA,NA,NA,NA,242c11c7a1acbc8cb0afc81379ea5195
1653120.9298,1285.7375,534.9305,-4890.4307,NA,NA,NA,NA,NA,NA,47109e5b21fa9703fdeab1819cce3f32
55.5132,7.4507,2.948,0.8361,NA,NA,NA,NA,NA,NA,4a6baab36d4f2bcc7fdb9485d1243b79
93.0643,9.647,6.0724,0.725,NA,NA,NA,NA,NA,NA,8c856804248bd4564313d81ba21cc177
575.9387,23.9987,4.0767,-0.8078,NA,NA,NA,NA,NA,NA,a2ed3c2dff709da720423542d003c5e8
93.0654,9.647,6.0735,0.725,NA,NA,NA,NA,NA,NA,a8803b58aa1e837557f2390a0352d7f1
22.4226,4.7353,2.3356,0.9338,NA,NA,NA,NA,NA,NA,afcdc139e7de398cb5ad105dc3654e89
93.0555,9.6465,6.0744,0.725,NA,NA,NA,NA,NA,NA,f162ec892f8269cd9fa127d837e82a96
NA,NA,NA,NA,0.742,0.7893,0.3084,0.9269,0.7582,0.8339,0f66850a017e64303e1854bcda3d26c7
NA,NA,NA,NA,0.756,0.7819,0.3868,0.9141,0.7767,0.8394,2baec6ed747ea14b697664f0d7dfb380
NA,NA,NA,NA,0.746,0.79,0.3782,0.9025,0.7728,0.8322,3bece361c041162246b35a6e487c48cb
NA,NA,NA,NA,0.751,0.7828,0.3885,0.9053,0.776,0.8354,3d8ff7099ef9bf03a1375a427b7b984c
NA,NA,NA,NA,0.744,0.7925,0.3522,0.911,0.767,0.8325,40e0cd2e72474a5c60fb2e3c5a7dcb19
NA,NA,NA,NA,0.735,0.7678,0.3735,0.8883,0.7691,0.824,4e3738daaccd5451e60031cd99ed9430
NA,NA,NA,NA,0.746,0.7833,0.3428,0.9182,0.7655,0.8347,561cf16583c76962a5d9cea1256a33cf
NA,NA,NA,NA,0.748,0.7911,0.3569,0.9154,0.7688,0.8354,67a44563b60e6134c6685c6d6950171e
NA,NA,NA,NA,0.748,0.7896,0.3921,0.8997,0.7759,0.8328,6a52bf0962ba725f86c14be318d98396
NA,NA,NA,NA,0.744,0.7914,0.3237,0.9239,0.7613,0.8344,90cc3cfab81c72a3f18f8af273b720f5
NA,NA,NA,NA,0.755,0.7884,0.3552,0.9256,0.7705,0.8407,9e9619ec2b07855e26a0e3cf980bf60d
NA,NA,NA,NA,0.742,0.7869,0.2898,0.9354,0.7543,0.835,a7692edc25ec5675db6e5a844480290f
NA,NA,NA,NA,0.743,0.7882,0.3333,0.9183,0.7626,0.8331,c96384def4947fd42df6549c738cb25a
NA,NA,NA,NA,0.748,0.7891,0.3067,0.9368,0.759,0.8385,daf148953fd6d5f148412bc353b35028
NA,NA,NA,NA,0.753,0.7903,0.414,0.8968,0.7826,0.8353,db1814c4178aa2d2eda18118db291c72
NA,NA,NA,NA,0.743,0.7833,0.3782,0.8983,0.7715,0.8299,db9cf99f1e529cea4f31f5bc190ab8ea
NA,NA,NA,NA,0.745,0.7822,0.3743,0.9027,0.7717,0.8317,dc0b02400709e4bcc71492435eed6c10
NA,NA,NA,NA,0.751,0.7767,0.3972,0.9012,0.7784,0.8348,e9689a4ae30f74f000329679102a4be2
2.099e-6,0.0014,0.0011,0.6275,NA,NA,NA,NA,NA,NA,2797201baa56f852d565729b372aca70
2.099e-6,0.0014,0.0011,0.6275,NA,NA,NA,NA,NA,NA,3e6fbbf1d7c00eeca273cab6682d0150
2.099e-6,0.0014,0.0011,0.6275,NA,NA,NA,NA,NA,NA,4d1f2c33f31fec636f75129ab2f5c503
0.0266,0.1631,0.0989,-4723.7982,NA,NA,NA,NA,NA,NA,916022b504e32aaacb1a90952252129a
2.099e-6,0.0014,0.0011,0.6275,NA,NA,NA,NA,NA,NA,93691f57730c7f51086075ab8c01d56d
3.2245e-6,0.0018,0.0014,0.4276,NA,NA,NA,NA,NA,NA,a05766209b426eb6a08855adb9d8d1cb
2.0594e-6,0.0014,0.0011,0.6345,NA,NA,NA,NA,NA,NA,b21f3e5fc5a4950a368d792756f26764
2.099e-6,0.0014,0.0011,0.6275,NA,NA,NA,NA,NA,NA,b498b1155386f37ae4bae9e6696ece6a
2.036e-6,0.0014,0.0011,0.6387,NA,NA,NA,NA,NA,NA,caed50e49efc97198d42c307a2b7f1af
84106.4421,290.0111,114.4616,-30.1922,NA,NA,NA,NA,NA,NA,17efffb0e07e52ca96d0131c670937d7
1066.6558,32.6597,23.9077,0.4091,NA,NA,NA,NA,NA,NA,1c71cc5568b9b468a3dddb1fe762249d
1716.5392,41.4311,30.6931,-0.006,NA,NA,NA,NA,NA,NA,5a2a8d8446155586f423a66795969f7c
1066.6558,32.6597,23.9077,0.4091,NA,NA,NA,NA,NA,NA,5c53f4d0d6b198e4c7a8841107b69ded
84106.4418,290.0111,114.4616,-30.1922,NA,NA,NA,NA,NA,NA,6c09a39780c86bb2f4f95676753e5fee
2058.6454,45.3723,31.1047,0.1596,NA,NA,NA,NA,NA,NA,7d967564a3a2aed8ce58865f83214206
1748.5936,41.8162,29.5707,0.0111,NA,NA,NA,NA,NA,NA,82f6922eb1be0fe1ae2ce02655d30eeb
1414.2251,37.6062,31.132,0.067,NA,NA,NA,NA,NA,NA,9c073d2b04cc323ff7238a3acd7b8877
84103.5794,290.0062,114.4644,-30.1903,NA,NA,NA,NA,NA,NA,a85360de6fdc94efefdb3f4c3aa2cf3f
NA,NA,NA,NA,0.7578,0.8172,0.6265,0.8312,0.802,0.8155,0ddd3244e881e693cfbb0715286e3017
NA,NA,NA,NA,0.7513,0.7879,0.5168,0.8756,0.7714,0.8197,2ecb5988c188c4a3b051ba7c220a3dd7
NA,NA,NA,NA,0.7565,0.8097,0.5955,0.8422,0.7951,0.8174,54f0a51f1ac62c22dc0f75ef09d30cce
NA,NA,NA,NA,0.7772939,0.8284589,0.5767741,0.8814141,0.7974684,0.836508,58e60ff18122fdf4ca84d143ee313e7b
NA,NA,NA,NA,0.7499,0.8173,0.5911,0.8371,0.7893,0.812,74724fe32e8452c13c9703348199d6e1
NA,NA,NA,NA,0.7605,0.8261,0.5956,0.8523,0.7969,0.8224,75e556e26ffc96fc9b0982c26c081331
NA,NA,NA,NA,0.7655292,0.8296219,0.5628232,0.874,0.7897256,0.8293872,cbfae3e0a4a6bed24e4bd29253c1e4e9
NA,NA,NA,NA,0.7435,0.7879,0.5949,0.8282,0.791,0.807,e0ee0b1940f7de050e0bc16816423d42
0.1317857,0.3630231,0.2696386,-0.2183094,NA,NA,NA,NA,NA,NA,7388a6e027f8648dbc177df228c6eed6
0.1317857,0.3630231,0.2696386,-0.2183094,NA,NA,NA,NA,NA,NA,beaa2277831980d3df006d2e8167b81a
890614838.2614,29843.1707,23024.914,0.0095,NA,NA,NA,NA,NA,NA,11ec65532b182c23b6c59410280a7413
890621016.5106,29843.2742,23025.1071,0.0095,NA,NA,NA,NA,NA,NA,2088979e334cd02dc3353a70ed93c426
890621016.5106,29843.2742,23025.1071,0.0095,NA,NA,NA,NA,NA,NA,50cddddd032c235de9e788c4f20e7b9a
920352860.845,30337.318,23452.3264,-0.0213,NA,NA,NA,NA,NA,NA,533f80031436e05a18402867caae036b
893868342.8616,29897.6311,23079.6273,0.0047,NA,NA,NA,NA,NA,NA,6a5f28ea9b52d8f8ffd732e76c27eabe
918623730.9251,30308.8062,23559.6116,-0.0189,NA,NA,NA,NA,NA,NA,bccd91c7ebd33b2894ff3da405b40d6b
49956409898.6819,223509.3061,151161.3139,-55.2433,NA,NA,NA,NA,NA,NA,c267b29faa9994fb6eef620ddaa29894
890614838.2614,29843.1707,23024.914,0.0095,NA,NA,NA,NA,NA,NA,cbda0ec8998dfe477e39ef3f3d35856d
890621016.5106,29843.2742,23025.1071,0.0095,NA,NA,NA,NA,NA,NA,ff3ec8c2c01df20c059a11a9032f0d73
NA,NA,NA,NA,0.7724,0.8653,0.9061,0.5912,0.8229,0.688,0cc81b6c4da00a52a4b86878d2d2daa2
NA,NA,NA,NA,0.5755,0.7349,1,0,1,0,421e8b6e6fe483bd25ecae50965390e4
NA,NA,NA,NA,0.5755,0.7357,1,0,1,0,6771c76148d7cc333a47e3308cf3f5d3
NA,NA,NA,NA,0.5755,0.7401,1,0,1,0,7431b12c15b896a519b7df39ee976447
NA,NA,NA,NA,0.7194,0.7586,0.7961,0.616,0.7185,0.6411,772f6cff8c181faf257cd87dfcb2576c
NA,NA,NA,NA,0.7594,0.8091,0.9041,0.5634,0.8127,0.6654,78f72aa11057f1a64123d7abf84202b3
NA,NA,NA,NA,0.7664,0.8455,0.9039,0.58,0.8167,0.6783,90c96f4f2f113890c57b60f59063dd0a
NA,NA,NA,NA,0.7614,0.8291,0.8508,0.6403,0.7599,0.695,96196a1b207aa0c90ba0883819ea93cd
NA,NA,NA,NA,0.7365,0.7933,0.7839,0.6706,0.7153,0.6838,989b40b0884c9cdf168ee895b6a8f924
NA,NA,NA,NA,0.5755,0.7366,1,0,1,0,9e95a40ec32ac0cdced1c8c2632257b4
NA,NA,NA,NA,0.8950168,0.9639436,0.9192899,0.8620937,0.8874325,0.8745757,a83d5cf9f3c9dc688b8e1f64b2e92047
NA,NA,NA,NA,0.7969,0.8786,0.9007,0.6562,0.8298,0.7328,d9fb356c33631d0320ddc984382949ad
NA,NA,NA,NA,0.7563,0.8282,0.869,0.6036,0.7726,0.6776,ee07250e13e706d151cc0e9ba86fe316
NA,NA,NA,NA,0.5755,0.737,1,0,1,0,f73bb6371f5945e2fd02a3f66d1ef77a
NA,NA,NA,NA,0.7556,0.7946,0.9041,0.5544,0.8101,0.6581,fda644513c8a91b1e4040f3c170019de
NA,NA,NA,NA,0.7313957,0.8032843,0.8719882,0.5411512,0.7572347,0.6311817,f772426ae89e756924c9ad2d6eadcfc9
NA,NA,NA,NA,0.83,0.5808136,0.9514706,0,0,0,94bdc21c4a2263884a00dad198630db5
0.0117139,0.1082308,0.0861933,0.1172837,NA,NA,NA,NA,NA,NA,0b67765133432ccd0b56125fd1cda387
0.02866844,0.1693176,0.1349821,0.1929768,NA,NA,NA,NA,NA,NA,58fac40ae3e5642096cebbb58a1ceab5
7.1052,2.6655,2.1057,0.7154,NA,NA,NA,NA,NA,NA,0889f68faa9a9c099c2f4a0d00ba38ce
1.1139,1.0554,0.8392,0.9554,NA,NA,NA,NA,NA,NA,a1021fe18484b3dbc41aaa49e45c2bb8
36993.5534,192.3371,148.7711,-1481.0284,NA,NA,NA,NA,NA,NA,a4bfc626e820a03936d7c80b3b47b748
0.6709188,0.8190963,0.4394732,0.6726992,NA,NA,NA,NA,NA,NA,0b05bc74eca65d46db8228b61f7fc032
0.008798689483181308,0.0938013298582771,0.07265780277138156,0.9948271425519981,NA,NA,NA,NA,NA,NA,a5a078898703d7e1e7b6b3322b4f0ac8
NA,NA,NA,NA,0.6962983,0.6979621,0.3093407,0.8384948,0.7720652,0.7923664,2e254a9fa09341ce4c29d4c9c83ca9d9
NA,NA,NA,NA,0.8260869565217391,0.674342105263158,0.9210526315789473,0.375,0.5,0.42857142857142855,2fe6b7bcfb66ce116dee141743eb2973
NA,NA,NA,NA,0.8260869565217391,0.7516447368421053,0.9473684210526315,0.25,0.5,0.3333333333333333,4088aa9d0b579dc7dd6458022b57e7bb
NA,NA,NA,NA,0.8478260869565217,0.6891447368421052,0.9473684210526315,0.375,0.6,0.4615384615384615,50ba59b8635b51e0543bc1498621b28d
NA,NA,NA,NA,0.8260869565217391,0.7171052631578948,0.9210526315789473,0.375,0.5,0.42857142857142855,67aa3acc3a2de3438bcdcbe27d775343
NA,NA,NA,NA,0.8260869565217391,0.7203947368421053,0.9210526315789473,0.375,0.5,0.42857142857142855,6cd6a3596554a3158a25bbe93672ba74
NA,NA,NA,NA,0.717391304347826,0.634032634032634,0.9393939393939394,0.15384615384615385,0.5,0.23529411764705882,862efbf94a18ea18849fbc48b4599327
NA,NA,NA,NA,0.8260869565217391,0.7072368421052632,0.9210526315789473,0.375,0.5,0.42857142857142855,88b28347405e3f2ee1e2afc33189668f
NA,NA,NA,NA,0.8260869565217391,0.6825657894736843,0.9210526315789473,0.375,0.5,0.42857142857142855,8bd539964a98663b6661c6debef4576e
NA,NA,NA,NA,0.8260869565217391,0.6710526315789475,0.9210526315789473,0.375,0.5,0.42857142857142855,ac1f79b3ae6de03dca5f36255004b95d
NA,NA,NA,NA,0.8260869565217391,0.669407894736842,0.9210526315789473,0.375,0.5,0.42857142857142855,c293f39f240aaef3bcfbfbb63db2d8ca
NA,NA,NA,NA,0.8478260869565217,0.7088815789473684,0.9473684210526315,0.375,0.6,0.4615384615384615,cbb3670a6386dc50354f78a174073bde
NA,NA,NA,NA,0.8793,0.9349,0.7349,0.94,0.894,0.9164,008612b3384d3600119532a6deb5732c
NA,NA,NA,NA,0.8793,0.9349,0.7349,0.94,0.894,0.9164,4d3bc23e6075f284900238fec1f8fa35
NA,NA,NA,NA,0.8787,0.9349,0.7329,0.94,0.8933,0.916,53ba24346665ed55c1861d9b60c4c82a
NA,NA,NA,NA,0.8521,0.8838,0.5904,0.9621,0.8482,0.9016,555fa104e1ab80a7a258ae3014416067
NA,NA,NA,NA,0.8521,0.8838,0.5904,0.9621,0.8482,0.9016,6e487ce3b7bd4626566de6095c556d18
NA,NA,NA,NA,0.8793,0.9349,0.7349,0.94,0.894,0.9164,85fe9a9f1d08aeb2221ba475e055d822
NA,NA,NA,NA,0.8787,0.9349,0.7329,0.94,0.8933,0.916,875c79dd0e653878dc4d65bb80f8e09b
NA,NA,NA,NA,0.852,0.8839,0.5907,0.9619,0.8483,0.9015,8a0dbeeb470e1a366e8d286e623e2f9e
NA,NA,NA,NA,0.8787,0.9349,0.7329,0.94,0.8933,0.916,8b50185d58590d645a799d5c0ac587e0
NA,NA,NA,NA,0.852,0.8839,0.5907,0.9619,0.8483,0.9015,bd006d16febff81dfd19df338a5073ea
13137191604.306,114617.5885,90563.0523,0.0132,NA,NA,NA,NA,NA,NA,020659239aba33f766d9a7bc2d2332c1
26813265766.253,163747.5672,58541.9748,-1.1024,NA,NA,NA,NA,NA,NA,0d6a8d1999153fd9431b8d59b9e8b235
5346899586.9864,73122.4971,53502.0364,0.5981,NA,NA,NA,NA,NA,NA,601287c1a12ca476036d668c0671e4bc
2869359629801980,53566403.9282,19431432.6991,-215533.4636,NA,NA,NA,NA,NA,NA,98112cf759b8ef551673c42addd2e902
3255065774.5014,57053.1837,38144.417,0.7553,NA,NA,NA,NA,NA,NA,d86a699f0785a2cfdde15f19d0eb6741
13141578902.5646,114636.7258,90578.2368,0.0129,NA,NA,NA,NA,NA,NA,e5150ee908f1281f041cf316ec644236
79.8056,8.9334,7.2056,0.2461,NA,NA,NA,NA,NA,NA,391fa8395098746164d8e18efc4bb16d
82.2376,9.0685,6.9544,0.2542,NA,NA,NA,NA,NA,NA,4150a0596fff36fcf613aedd2e02830f
79.8056,8.9334,7.2056,0.2461,NA,NA,NA,NA,NA,NA,4dcc8fe6629db47e7c7a50373b8ea82e
86.7477,9.3138,7.1244,0.2444,NA,NA,NA,NA,NA,NA,6a63083745cf7bff56ac343a232cf632
79.8056,8.9334,7.2056,0.2461,NA,NA,NA,NA,NA,NA,7be0f5c33ea28bbc4a9d96cb1abbf33a
77.8947,8.8258,7.0649,0.2715,NA,NA,NA,NA,NA,NA,a0cd3ef5a40c8805f61695ca59e86e59
85.1972,9.2302,7.2359,0.233,NA,NA,NA,NA,NA,NA,ad5af76c603208b1b782c1104020c0bb
77.8752,8.8247,7.0475,0.2712,NA,NA,NA,NA,NA,NA,d31c8a1270f17087d70959fb51f6a3da
75.2921,8.6771,6.5295,0.3072,NA,NA,NA,NA,NA,NA,f9bc559ba1f06983858b103ea4603558
NA,NA,NA,NA,0.6217,0.6659,0.5817,0.6545,0.6205,0.6319,34eae52a56f796b7c3dba2f14bf89718
NA,NA,NA,NA,0.582,0.6271,0.5934,0.5736,0.5842,0.5771,d899d5862c965ec1560eadf80cb1c784
180.6825,13.4418,10.7493,0.2376,NA,NA,NA,NA,NA,NA,f1657350d7c63bcd86b6d73696968281
0.0050394886407922074,0.07098935582742111,0.05272126731543389,0.9040725409044515,NA,NA,NA,NA,NA,NA,a5a078898703d7e1e7b6b3322b4f0ac8
0.0055,0.0743,0.0527,0.9014,NA,NA,NA,NA,NA,NA,f55a2ad46af3966d8377aa2e2b44fb09
42.00676885677888,6.481262906006736,2.964268503886377,0.5574770127398361,NA,NA,NA,NA,NA,NA,0e6e20368ebe7c94a736a6e5ab59d51a
42.24317869158124,6.499475262787085,2.967767184395089,0.5549865382481867,NA,NA,NA,NA,NA,NA,4dd329d93b648a67f8809ba6fb666040
43.515394167211134,6.596619904709619,3.013324095677956,0.5415843031314168,NA,NA,NA,NA,NA,NA,6dffc6f97b658ef912b4acfcee1ac9a9
43.70034300043042,6.61062349558878,2.9762262496764293,0.5396359478450218,NA,NA,NA,NA,NA,NA,8929863fb127b68256f53c16e5476a2a
129.85861443628298,11.395552397154031,5.859564781188965,-0.3680038609429075,NA,NA,NA,NA,NA,NA,a5a078898703d7e1e7b6b3322b4f0ac8
43.12315141510886,6.566822017925326,2.9984715884250064,0.5457164094351236,NA,NA,NA,NA,NA,NA,a6474813ee1d35cc3b426999bf378279
44.14004385954442,6.643797397538882,3.0053737855978557,0.5350038910843746,NA,NA,NA,NA,NA,NA,a67c269d801723fe52a62c9f3240a533
42.619612833932905,6.528369845063383,2.9849648354630434,0.5510209687527529,NA,NA,NA,NA,NA,NA,c61aeef554878bd07b4dcdf8ff490144
43.2473062641917,6.576268414852887,2.995151634114661,0.5444084922542927,NA,NA,NA,NA,NA,NA,d22d6962bd83c3ca92b46e6ca13d55d0
44.555572643036285,6.674996078128907,2.997162398232369,0.5306264765969537,NA,NA,NA,NA,NA,NA,e5fd45d2ed0455daebc29e48d9f68d7f
42.62844711986612,6.5290464173465725,2.9725495352621136,0.5509279034038135,NA,NA,NA,NA,NA,NA,f92b40901de418724d5c0ed8033b864d
0.0408,0.202,0.1622,0.4124,NA,NA,NA,NA,NA,NA,2daccba2e9fb0f30552ae8c45690a276
0.0355,0.1885,0.1506,0.4885,NA,NA,NA,NA,NA,NA,60a1ec0b372249e156c5eab9dee76e9b
0.0408,0.202,0.1622,0.4124,NA,NA,NA,NA,NA,NA,791a52eab1caac03ec74111069d657c5
0.0408,0.202,0.1622,0.4124,NA,NA,NA,NA,NA,NA,81b3f417f284cd797140712b689cc6be
14.0796,3.7523,2.8531,-201.9549,NA,NA,NA,NA,NA,NA,8715f94e7553684931772d4da509093b
0.0408,0.202,0.1622,0.4124,NA,NA,NA,NA,NA,NA,988c4f4994eb5b8e356748860112434f
0.0069,0.0829,0.0623,0.901,NA,NA,NA,NA,NA,NA,a63077c5a538a30e97a4fdd1bbaa3aef
0.0112,0.1059,0.0811,0.8385,NA,NA,NA,NA,NA,NA,aa233ccac855a69973542481d1466780
0.0408,0.202,0.1622,0.4124,NA,NA,NA,NA,NA,NA,baabc8e088740f9aca9133a674e96abf
NA,NA,NA,NA,0.9937,0.9998,0.9928,0.9946,0.9934,0.994,7ca00d39e52391a73f0ca182165af572
NA,NA,NA,NA,0.7362,0.2217241,0.83,0.6068966,0.720339,0.6587697,40e22174f89c1d7285010792f72008d5
NA,NA,NA,NA,0.6811594,0.7135143,0.8351212,0.4775461,0.6742944,0.5545335,e9ad52ac38aa4dedf92095b699914932
9.3438,3.0568,2.3816,0.1266,NA,NA,NA,NA,NA,NA,044928e02e8361e90e48efd01c0affdf
9.3396,3.0561,2.3815,0.1273,NA,NA,NA,NA,NA,NA,051fe701c91c3542b4e8ba357739a075
9.2639,3.0437,2.2948,0.1372,NA,NA,NA,NA,NA,NA,40609dd8b13590fe7eb41f820eb2be01
9.3438,3.0568,2.3816,0.1266,NA,NA,NA,NA,NA,NA,643e082583bdce93a2708acc5c36e06e
8.9959,2.9993,2.3322,0.152,NA,NA,NA,NA,NA,NA,68f16a362a9cdfd8bee8a5f3ea5a8358
10.94886166,3.30890641,2.55032023,-0.03258418,NA,NA,NA,NA,NA,NA,7e8a035605a4f5cab6a8bc454a4b4fc9
9.3438,3.0568,2.3816,0.1266,NA,NA,NA,NA,NA,NA,a73d7c9ccd9e514dcf202f2e1a8dc2e5
278.6812,16.6937,7.2435,-26.6424,NA,NA,NA,NA,NA,NA,c99139696cab992a6e8d2e04efd1ad4b
8.8309,2.9717,2.3679,0.2097,NA,NA,NA,NA,NA,NA,d7cd0d400ad28d9aa08c78b7ad4aef96
9.3396,3.0561,2.3816,0.1273,NA,NA,NA,NA,NA,NA,da9063e7eb39a35e63c281d664fab2a7
19.0034,4.3593,2.7331,-1.0394,NA,NA,NA,NA,NA,NA,e598dbfba4dfbb3ca6c25aae43bc0b2f
372632.8794,610.4366,495.5846,0.7682,NA,NA,NA,NA,NA,NA,01817f160006d155cf5f9de7ea4cd2c4
179571.309,423.7586,356.3814,0.8796,NA,NA,NA,NA,NA,NA,68e5280ac3ce94b1cdf06ed053f30919
893909.0975,945.4677,768.3783,0.5446,NA,NA,NA,NA,NA,NA,7a48718db50a3f3236f0676581fb9a37
180384.1104,424.7165,356.8566,0.8794,NA,NA,NA,NA,NA,NA,93e0c35b13ac09c679376487d5037ecf
4172811.9113,2042.7462,1778.834,-5.8578,NA,NA,NA,NA,NA,NA,cd0ef8fc6fc7a48ff792a8c93f9d7921
372632.8794,610.4366,495.5846,0.7682,NA,NA,NA,NA,NA,NA,e162f43f2e96f9d90bfd032b5b993560
180383.714,424.716,356.8564,0.8794,NA,NA,NA,NA,NA,NA,e91cc97edc3a25f877b6dee023daf301
1512335.6119,1229.7706,924.6816,-2.1604,NA,NA,NA,NA,NA,NA,ed99195ff055f93df0efc42c11edae08
2423304.2437,1556.6966,1391.3999,-0.7514,NA,NA,NA,NA,NA,NA,ee072b13bb59fb27e68a819eca03858b
411598.482,641.5594,511.5059,0.2185,NA,NA,NA,NA,NA,NA,0460807d984ed37b8cdb27f16519f6d3
226646.4415,476.074,378.5831,0.5546,NA,NA,NA,NA,NA,NA,0d4aed1a340952772410f889200de9c1
211670.6775,460.0768,369.0247,0.5864,NA,NA,NA,NA,NA,NA,1185d44e047694e38709329e3e0e8d5a
451814552056585e19,67217151981959600,23528589204730500,-102071467199123e14,NA,NA,NA,NA,NA,NA,25ca735fc9b3ed7824676ffc43daae41
211058.229,459.4107,368.7343,0.587,NA,NA,NA,NA,NA,NA,666552e1529d2b49480b8ffee722530c
217011.0778,465.8445,372.9369,0.5764,NA,NA,NA,NA,NA,NA,83c562bbd2deabf7f2505bb76989b5cb
219633.4831,468.6507,361.0729,0.5775,NA,NA,NA,NA,NA,NA,bfeec5b02f1f753bde3c4edc99b7b35f
221870.1784,471.031,367.3892,0.5746,NA,NA,NA,NA,NA,NA,c9d1820bb7cd570f31778f213836a357
236323.0822,486.1307,372.8301,0.5469,NA,NA,NA,NA,NA,NA,ebe33c08aa593992774f9a0d37c38953
NA,NA,NA,NA,0.7131,0.7482,0.5486,0.8247,0.7278,0.7704,100c0925ea05a59d848c3a0ddda2be18
NA,NA,NA,NA,0.7,0.7904,0.5286,0.8433,0.7468,0.7593,31fbd307f48f5d2c85005c28414d833b
NA,NA,NA,NA,0.7582,0.892,0.6371,0.88,0.7863,0.808,5c5b4a920725a925bff83336a0cf95e3
NA,NA,NA,NA,0.7359,0.8974,0.6371,0.8467,0.7863,0.7813,93bb3e94e5b58228ee86a4795bff986c
NA,NA,NA,NA,0.7693,0.8978,0.6905,0.8618,0.8089,0.8131,9b915faa4923cd25704446385f45f7ef
NA,NA,NA,NA,0.7575,0.8978,0.6905,0.8332,0.8013,0.7991,fc3fa2ed4be18d11d1ca875e2b171c7b
3666.1575193,60.5488028,51.7676852,0.2124759,NA,NA,NA,NA,NA,NA,6152b351b8bbbc33d3736e0a819722d7
3683.311,60.69029,51.75633,0.324859,NA,NA,NA,NA,NA,NA,e3eeb3e89c23740693fb73e72d1d9bf7
3970.686,63.01338,51.98953,0.1594414,NA,NA,NA,NA,NA,NA,eddc80da42940ee05ed92bea2fa85b15
0.0927,0.3045,0.2317,-0.1759,NA,NA,NA,NA,NA,NA,0c0cb37e283157454ee4c7a4b62d987e
0.0928,0.3046,0.2316,-0.1762,NA,NA,NA,NA,NA,NA,500d415ae37ed9fd40c8854e1398a755
0.0928,0.3047,0.2311,-0.1798,NA,NA,NA,NA,NA,NA,5f7f3df0da5b4e9a83bab6a74cbae8dc
0.1205,0.3471,0.2684,-0.4641,NA,NA,NA,NA,NA,NA,621e7b2da46bd2ec963dd88434fd8fa9
0.1025,0.3201,0.2445,-0.2697,NA,NA,NA,NA,NA,NA,650f46e36318b303662dfc0a52356bd9
0.1446,0.3802,0.2965,-0.7738,NA,NA,NA,NA,NA,NA,787b3a1390bbe836b8987b9a6d7ad8a4
0.0928,0.3047,0.2311,-0.1798,NA,NA,NA,NA,NA,NA,c1b565f1a66c161ce6c7cca5516c7ea4
0.0894,0.299,0.2374,-0.1097,NA,NA,NA,NA,NA,NA,c4be1c66c37c9b65e07e34170793dff7
0.0928,0.3047,0.2311,-0.1798,NA,NA,NA,NA,NA,NA,c6049afb70bcd40623dfcf3de0b8486d
7.0341,2.6522,2.2627,0.1573,NA,NA,NA,NA,NA,NA,ba211d38c26b6f39ec34b90e6aad5a9f
NA,NA,NA,NA,1,1,1,1,1,1,0492cd41e2ab015f4fdf38a8376cb1c6
NA,NA,NA,NA,1,1,1,1,1,1,1480189dbdf1c62d2eac0f0792005831
NA,NA,NA,NA,1,1,1,1,1,1,40bd12736c57e06e411875d661f98767
NA,NA,NA,NA,0.953,0.9988,0.8844,0.9954,0.9332,0.9633,482dda2ee50b2f09e755f6b348d4e7bc
NA,NA,NA,NA,1,1,1,1,1,1,6538f003ef59d825369fe7252c10a929
NA,NA,NA,NA,0.9972,0.9963,0.9926,1,0.9954,0.9977,93ecd233c327c05d93110255f21c7f50
NA,NA,NA,NA,1,1,1,1,1,1,bb3c2a36be9f372e3cda370e13e305b3
NA,NA,NA,NA,1,1,1,1,1,1,c7c7158e83d0f29b5aa53b8e75558f0e
NA,NA,NA,NA,1,1,1,1,1,1,c898f64de5b9d9fabb965d4bd52f669a
NA,NA,NA,NA,1,1,1,1,1,1,fcfd0eedcfd80e3c8c7ec60501e050a8
1.359467024,1.165961845,0.868963759,-0.002366178,NA,NA,NA,NA,NA,NA,6b3f22701857ac974da249d940c06d4e
NA,NA,NA,NA,0.6737,0.719,0.7139,0.6306,0.6646,0.6464,23edd8e94eeaebe53e66208026f9ccba
NA,NA,NA,NA,0.6716,0.7166,0.7059,0.6346,0.6595,0.6462,4a704d41a624626b2722aeb6a17d057a
NA,NA,NA,NA,0.7218,0.7566,0.7899,0.6465,0.7356,0.6874,6a2cec68e175ecba53cb5452f3e71a14
NA,NA,NA,NA,0.6863,0.7215,0.7264,0.6431,0.6798,0.6603,6bd414bca8e26bafc9147dfdf39b3461
NA,NA,NA,NA,0.6653,0.7075,0.6879,0.6432,0.6495,0.6442,8c265915d0576c35d4b18f4a95e35069
NA,NA,NA,NA,0.6883,0.7331,0.7222,0.6502,0.6803,0.6614,91b4807de1566a99cc62d2bbe598d876
NA,NA,NA,NA,0.6528,0.7077,0.6916,0.6125,0.6413,0.6243,9657979a216d2f42d49b6e6566f8187a
NA,NA,NA,NA,0.6465,0.7008,0.6679,0.625,0.6294,0.6253,9765bfc10b85589c0ffb44970becfeac
NA,NA,NA,NA,0.6716,0.7218,0.7135,0.6251,0.6621,0.6427,a0b3774fa54f490d3d96f46efbebb252
NA,NA,NA,NA,0.6632,0.7086,0.6917,0.6337,0.6497,0.6404,b8cb78ba9b85d0a7536a91f5e6ff3df3
NA,NA,NA,NA,0.6528,0.6998,0.6803,0.625,0.6397,0.6297,c723dcefe75191cad3b409799b130e02
NA,NA,NA,NA,0.726,0.7561,0.7975,0.6463,0.7424,0.6903,cf4515545aeb192ec64596caa8cf7a9d
NA,NA,NA,NA,0.7218,0.7566,0.7899,0.6465,0.7356,0.6874,e329f83eca9eaaec6161853d9e8e5713
NA,NA,NA,NA,0.726,0.7561,0.7975,0.6463,0.7424,0.6903,e9977e8a6c524cb53c2a4bb287a1218f
NA,NA,NA,NA,0.6569,0.7082,0.6992,0.6114,0.6451,0.6266,ee63b646cf2e746f1fd6b117d7c4de63
NA,NA,NA,NA,0.6549,0.7093,0.6916,0.6168,0.6425,0.627,f4dc518de2ac7dff45f18c7a961ace46
NA,NA,NA,NA,0.6548,0.7077,0.6949,0.6128,0.6426,0.625,fb2f13605dc168f4cbc92b08967f68b7
0.0416,0.204,0.055,0.9633,NA,NA,NA,NA,NA,NA,0b4ce0d52ee653523edd3e20ad7a464b
NA,NA,NA,NA,0.848,0.9346,0.8724,0.8312,0.8649,0.8454,63d3bcf91aef8edf8102b83ba5e53138
NA,NA,NA,NA,0.856,0.9344,0.8553,0.8674,0.8562,0.8586,c4867ef613cda9c0fb603c5c2f056d8a
NA,NA,NA,NA,0.7426,0.8454266,0.3930303,0.9174282,0.7524021,0.8258225,d4b3c164fc34d7d2518498bee95498c2
8.595,2.9317,2.4889,0.9863,NA,NA,NA,NA,NA,NA,062052528ecb89bdcbea17fb5d57cc56
8.595,2.9317,2.4889,0.9863,NA,NA,NA,NA,NA,NA,1c605492d2ef9ec0fe6dfc809b6ac8c5
1225.0129,35.0002,29.6892,-0.7231,NA,NA,NA,NA,NA,NA,298a5df934d11ad8a6df8d7411313a33
260.8479,16.1508,13.3016,0.5795,NA,NA,NA,NA,NA,NA,7966fbb05a3fbfeda9ff032b8a9727b9
12.3202,3.51,2.9267,0.9783,NA,NA,NA,NA,NA,NA,a2cdf66b34c280b3a0df3f0c7cccd047
12.3202,3.51,2.9267,0.9783,NA,NA,NA,NA,NA,NA,b9ff85a1a263da2241af8be3604982b6
100.6444,10.0322,7.0069,0.8904,NA,NA,NA,NA,NA,NA,bafa5a7fbbb8a8068b7167a29abfc89d
8.595,2.9317,2.4889,0.9863,NA,NA,NA,NA,NA,NA,d6abd4b2b4bd7cfcfe3dc7d4be403f1f
15.4147,3.9262,2.833,0.9795,NA,NA,NA,NA,NA,NA,f41a33c3668cae7548792c2a40d92656
3389870741.8829002,58222.5965,44443.6763,0.5179,NA,NA,NA,NA,NA,NA,218c2b1b79c9dd35a575cdfed7bad2e6
1193840241.4964,34551.9933,28544.289,0.8377,NA,NA,NA,NA,NA,NA,242c2e3054b8d20cb8cb020690550a65
6767957923.4458,82267.5995,60597.9802,0.0857,NA,NA,NA,NA,NA,NA,276e21cd1ef4bf869d75a7ac9b5f8485
1622265823.3077,40277.3612,30994.8834,0.7802,NA,NA,NA,NA,NA,NA,484dd6a26a4c2f8f85f933d2f044c7a7
1196005446.5402,34583.3117,28254.4988,0.8375,NA,NA,NA,NA,NA,NA,9cbfa14091834a4219b35304908f996e
556570291.6902,23591.742,16307.7245,0.9245,NA,NA,NA,NA,NA,NA,c779097b455904fcda98ba89fb00ab7e
1196288044.3418,34587.3972,28251.0662,0.8375,NA,NA,NA,NA,NA,NA,f0192fe25e46545455932e8fe03cbb27
1193840241.5131,34551.9933,28544.289,0.8377,NA,NA,NA,NA,NA,NA,fd87a86f82f33ed7bdea94de3d375ae2
738763866.2496,27180.2109,19376.3085,0.9003,NA,NA,NA,NA,NA,NA,ff26f7036041536b5a9031f4b2ad9177
196.9509,14.03392,10.76249,0.1509261,NA,NA,NA,NA,NA,NA,d40320df7e960985cc5453d5480a898a
0.01478135,0.12157859,0.09830354,0.29475175,NA,NA,NA,NA,NA,NA,111c0c4d671d90c6a063050c04f33e60
37.2544,6.1036,4.5088,0.8556,NA,NA,NA,NA,NA,NA,b448cfe97f2329169b5bc927f9a9a70f
17.9928,4.2418,3.2725,0.872,NA,NA,NA,NA,NA,NA,e31585eb264a67cb9e3846bb7729eaa8
35.7258,5.9771,4.309,0.8609,NA,NA,NA,NA,NA,NA,dfbb4163d6e0b2109c46d4166135689f
24.9638,4.9964,3.8731,0.8975,NA,NA,NA,NA,NA,NA,bf78d192ad1034d62c810d3d8fe0bfc9
18.9037,4.3478,3.2894,0.8966,NA,NA,NA,NA,NA,NA,e7faa8ba2968b948b10c563e35206095
16.072,4.009,3.1192,0.8837,NA,NA,NA,NA,NA,NA,123859070bddecbd876d99a25e2ca9d9
32.0713,5.6632,4.2227,0.8717,NA,NA,NA,NA,NA,NA,8612e1589a3ae69b31298a1eaad6d824
24.8522,4.9852,3.8887,0.8976,NA,NA,NA,NA,NA,NA,ff307228a24a4acb2d42b1cf13757d43
20.4807,4.5256,3.4096,0.8865,NA,NA,NA,NA,NA,NA,63362687ada0bb98492d4629e75747de
18.9916,4.3579,3.3544,0.8613,NA,NA,NA,NA,NA,NA,84704a517560b06ec84967457a340512
NA,NA,NA,NA,0.8404,0.8763,0.9104,0.7287,0.8363,0.7788,137d4aa57c3fed54e30b6eb4f4a4bc74
NA,NA,NA,NA,0.8414,0.8768,0.9041,0.7415,0.8292,0.7829,2a315cc263f0c43c7e9faef9987a3f13
NA,NA,NA,NA,0.841661,0.8772442,0.8787158,0.7831109,0.8024228,0.7924654,41c9e153488e3f4ce89c2b26d3a24c39
NA,NA,NA,NA,0.8395,0.8764,0.9126,0.7232,0.8385,0.7766,966276d98912899965b895ec20646175
NA,NA,NA,NA,0.8418,0.8773,0.898,0.7522,0.8224,0.7858,b4ec418e23913c5e7b0302a721f5e7d9
NA,NA,NA,NA,0.8416,0.8785,0.8975,0.7527,0.8217,0.7857,bbaf78099ea6880eeb8a15d7fdd85dfe
6.4009,2.53,2.0904,0.2314,NA,NA,NA,NA,NA,NA,9d85b0b5d75456fed4fd4a9ed5cdeed1
6.1931264,2.4885993,2.0534415,0.2563764,NA,NA,NA,NA,NA,NA,a70b40e04322d838c572fc281fe4aa45
NA,NA,NA,NA,0.9187822,0.9509622,0.9437019,0.8236287,0.7930271,0.8080352,4854f305f42ae8beb4f19d3de2ba2d8e
NA,NA,NA,NA,0.9981229086754264,0.9999540506586849,1,0.9976360957895097,1,0.998816649230822,cf53a0d7d29ba8f2bf6fa06793d40400
873.863687,29.561185,17.001072,0.774521,NA,NA,NA,NA,NA,NA,3b3b244bb8c811eee2435d534406befe
1666.558,40.8235,23.24123,0.6834862,NA,NA,NA,NA,NA,NA,55e054cbff6cc8c168b267c0580d2f9f
35.22854,5.935363,3.615391,0.4854227,NA,NA,NA,NA,NA,NA,c0bb588d8b218f212336b02de21e13e3
18.15653,4.261047,3.060395,0.5352831,NA,NA,NA,NA,NA,NA,e1fbc409fc87a594b761e000ebd7607c
NA,NA,NA,NA,0.8084,0.907,0.8613,0.7637,0.8283,0.778,496ca04696bf50fa44859a0b39c0959f
NA,NA,NA,NA,0.7067,0.7206,0.7575,0.6547,0.6968,0.6705,4db8669eb6b47e47708251a0fdb7ac17
NA,NA,NA,NA,0.7214,0.8288,0.7701,0.6883,0.74,0.6957,68c5f087d89fe636c7f4777133dce9a9
NA,NA,NA,NA,0.7259,0.8334,0.7694,0.6833,0.714,0.6885,781c996ac704df2b6f224416488c7d59
NA,NA,NA,NA,0.7067,0.7161,0.7575,0.6547,0.6968,0.6705,be68fc34769e2eeaff4cc7de2c4f9a73
NA,NA,NA,NA,0.7309,0.8115,0.7565,0.7252,0.7143,0.7091,c5a70a5d0738d07b461d6944fe597a2b
3.2728,1.8091,1.3379,0.9715,NA,NA,NA,NA,NA,NA,f26c495402a766d4720bf7dc8234231b
1.985926,1.409229,0.8064543,0.9847137,NA,NA,NA,NA,NA,NA,f8ae00a6a682727f96b301693f8fd631
40.2643,6.3454,3.5884,0.8165,NA,NA,NA,NA,NA,NA,0e858b80930be53db33dc76ebb3e6218
14.2161,3.7704,2.1185,0.9304,NA,NA,NA,NA,NA,NA,25235ad831e85e9eda2c2dfef2ae38f7
2.7107,1.6464,0.855,0.9882,NA,NA,NA,NA,NA,NA,3923acf76a9b339ea34b9754419420ae
12.2868,3.5053,2.3653,0.9459,NA,NA,NA,NA,NA,NA,7468c25254ea7893ad1a061b86713862
0.8897,0.9432,0.6408,0.9956,NA,NA,NA,NA,NA,NA,7caedbb1d41acbf35f58d6636b7606c9
838641.563,915.7738,699.5263,-4725.6448,NA,NA,NA,NA,NA,NA,a249f960b7d7340551c3f5967c34f781
12919.8658,113.6656,82.79,-69.9632,NA,NA,NA,NA,NA,NA,b8f7db020a900c47da80033c2b271a98
0.8897,0.9432,0.6408,0.9956,NA,NA,NA,NA,NA,NA,f9beaa1aa8d40794f92991b14a0af38b
152.8231,12.3622,8.2805,0.1915,NA,NA,NA,NA,NA,NA,fdacb5951bb702fb582b8973245ab815
336976734716854e3,580496972.1858,75683001.4895,-13325688884509e6,NA,NA,NA,NA,NA,NA,17b03d7093f50d514af7d2d351a9a702
0.0249,0.158,0.115,-0.0204,NA,NA,NA,NA,NA,NA,1b0fa88671657eb12404ec9a7f70e54e
0.0207,0.1439,0.1081,0.085,NA,NA,NA,NA,NA,NA,1b59c32bcee8c4472a9fed2366ac6717
169608413329838e15,411835420198212,304156462028946,-828817035834138e16,NA,NA,NA,NA,NA,NA,46748294cfa4ccb9f9333f218ebeed88
0.4013,0.6334,0.4625,-14.4591,NA,NA,NA,NA,NA,NA,806a82224e189be825f208c8888659ba
0.028,0.1674,0.1302,-0.271,NA,NA,NA,NA,NA,NA,8bead8617256c4133d7ef42f88e355e2
0.0285,0.1687,0.1307,-0.2049,NA,NA,NA,NA,NA,NA,b46e52d85ed736f765a64c78264ad84a
0.0212,0.1457,0.1022,0.1182,NA,NA,NA,NA,NA,NA,de5f00b3148eabccd092549fe366171b
0.0208,0.1441,0.1014,0.1331,NA,NA,NA,NA,NA,NA,e7a5580281b43d0c3e966c7840216512
8.2316,2.8691,2.2156,0.2788,NA,NA,NA,NA,NA,NA,0ca72be37b5254b9a187b9c7a2dcacca
97.9351,9.8962,7.6199,-8.3746,NA,NA,NA,NA,NA,NA,27fe33e606fa9fefcb3021d9833c0e52
8.2356,2.8698,2.218,0.2776,NA,NA,NA,NA,NA,NA,381ad80a21b05a85fb10a11f0f3ff93c
8.2356,2.8698,2.218,0.2776,NA,NA,NA,NA,NA,NA,42ba4c2ed854b9d01c5728d870e0de11
9.9699,3.1575,2.3406,0.0806,NA,NA,NA,NA,NA,NA,44990c0005bf5370fd31fd3f72c70896
9.5997,3.0983,2.4411,0.1587,NA,NA,NA,NA,NA,NA,489950e99b972ac02ba96c69725ee83b
8.2316,2.8691,2.2156,0.2788,NA,NA,NA,NA,NA,NA,5d142e7ea509d1e51030c8e5ad72fe43
8.2356,2.8698,2.218,0.2776,NA,NA,NA,NA,NA,NA,7ead85a2fe1cf0ded7a6857418e2dcd5
9.2598,3.043,2.3607,0.201,NA,NA,NA,NA,NA,NA,e92efade1d5310ba835ac68756945f38
6.9026,2.6273,1.9257,0.6938,NA,NA,NA,NA,NA,NA,16614e492ecb6d8e160b1b9b9ab706e6
3.4822,1.8661,1.2417,0.8521,NA,NA,NA,NA,NA,NA,58790fdc008ef06ddece291184abd451
1.1931,1.0923,0.8363,0.9437,NA,NA,NA,NA,NA,NA,736889df97ead4077335d900553f00b1
1.1931,1.0923,0.8363,0.9437,NA,NA,NA,NA,NA,NA,76c71b39241c3c8f341b19c50a8564cf
1.3631,1.1675,0.9131,0.9351,NA,NA,NA,NA,NA,NA,7e8ff8a9b5532ab618ee119f6e1d450d
1.1931,1.0923,0.8363,0.9437,NA,NA,NA,NA,NA,NA,bcd1546b4973b19c926b623b154534f0
1.3631,1.1675,0.9131,0.9351,NA,NA,NA,NA,NA,NA,c2c1383c494d57a4edf871a0d6cfb513
44.1866,6.6473,5.3699,-1.1741,NA,NA,NA,NA,NA,NA,d366c87a0877a725de40813cdb164345
1.7476,1.322,0.7464,0.9335,NA,NA,NA,NA,NA,NA,fd050326705ca27f4f7d53f7196a6b06
1180193.3285,1086.367,703.4987,-26339.0064,NA,NA,NA,NA,NA,NA,0c67c4d8734709b4dd0665ef2bd607b1
10.8507,3.294,2.5237,0.758,NA,NA,NA,NA,NA,NA,2d7d5e2e7ea4ed0292af848ffbf4ea59
10.8508,3.2941,2.5237,0.758,NA,NA,NA,NA,NA,NA,3452855b13eb2f14f855a8fd34d96ee6
10.8508,3.2941,2.5237,0.758,NA,NA,NA,NA,NA,NA,7e0dabcf0fe74f51c2053ef5ba57cec5
9.0251,3.0042,2.2843,0.7987,NA,NA,NA,NA,NA,NA,90fd7a585f1ee4f6cd7b660aa0d569fb
16.0726,4.0091,2.9998,0.6413,NA,NA,NA,NA,NA,NA,df496b91d9a717e2d6a688b22c66b963
10.8507,3.294,2.5237,0.758,NA,NA,NA,NA,NA,NA,e338603abfe51d74dff8e503244146e1
10.8508,3.2941,2.5237,0.758,NA,NA,NA,NA,NA,NA,e652c7fb6197170589ee88e1fe4e76f8
9.1767,3.0293,2.3072,0.7953,NA,NA,NA,NA,NA,NA,fc92c1fc20ab8699423d8a77a50dc87a
0.2026432,0.4501591,0.3363442,0.715202,NA,NA,NA,NA,NA,NA,41fe20df84fbd91227a1a826a49a3836
0.2907211,0.5391856,0.3772674,0.6226222,NA,NA,NA,NA,NA,NA,7dba8e98406844aa4589714967345d97
1157.4125,34.0208,27.8865,0.0108,NA,NA,NA,NA,NA,NA,2383fb639b5cb83d799c948148174022
1580.6062,39.7568,30.217,-0.3591,NA,NA,NA,NA,NA,NA,3b3749a8f12a873bd686195b09211f6e
1875.9862,43.3127,33.5707,-0.5957,NA,NA,NA,NA,NA,NA,3c14716f63e96a0609b3a8ef8eb89d48
1580.6062,39.7568,30.217,-0.3591,NA,NA,NA,NA,NA,NA,3cc874950202c486122fac5992828e2e
1160.6734,34.0687,27.9926,0.0091,NA,NA,NA,NA,NA,NA,4650d768154a3787cb9bf05e87a1595c
1875.9862,43.3127,33.5707,-0.5957,NA,NA,NA,NA,NA,NA,50ed2b5fe1dfb36bea894c965447554e
2484.3926,49.8437,43.1017,-1.142,NA,NA,NA,NA,NA,NA,5d65aa143964d4920945f5caae3332cf
2224.9292,47.1692,34.3494,-0.929,NA,NA,NA,NA,NA,NA,7306cc05bf9d5322c8bd89f1070b41f9
301938994719954e7,54948975852.1443,19839421337.7259,-223060047298201e4,NA,NA,NA,NA,NA,NA,7dfbde24e2d7c53f3c0b5d834efbe8b8
1411.8568,37.5747,29.8916,-0.2097,NA,NA,NA,NA,NA,NA,85d9ccb357e508add8ba9e8ae93fb47f
1061.1377,32.5751,27.0328,0.0925,NA,NA,NA,NA,NA,NA,9b97892b94db4763a004dceb2b7488d2
1580.6062,39.7568,30.217,-0.3591,NA,NA,NA,NA,NA,NA,aa43585b4711df73412ac4ad501f9249
1516.6574,38.9443,30.8959,-0.3029,NA,NA,NA,NA,NA,NA,ab76fdffa6ca19d82f18670c05f189aa
1098.1367,33.1381,27.6154,0.0609,NA,NA,NA,NA,NA,NA,ad7ee23ee9fefbe055695d9aae36db4a
1889.1542,43.4644,33.1248,-0.6066,NA,NA,NA,NA,NA,NA,ae73ae4325fb00c01e2650e60e23c257
1875.9862,43.3127,33.5707,-0.5957,NA,NA,NA,NA,NA,NA,c4ed62be0dac8702f7214efa446bb72f
1061.1377,32.5751,27.0328,0.0925,NA,NA,NA,NA,NA,NA,d4a712619cb7c89177aef7014500899d
1160.6662,34.068600000000004,27.9925,0.0091,NA,NA,NA,NA,NA,NA,d85bf29dc051d032ee2ae653ac2ecb13
1160.7692,34.0701,27.9865,0.0091,NA,NA,NA,NA,NA,NA,db783ad6c5be6fc61089d5f5e5476a5f
2531.0848,50.3099,38.0335,-1.1454,NA,NA,NA,NA,NA,NA,fab17a7b15fe7003e6b0924eccabdeac
NA,NA,NA,NA,0.8904,0.7424,0.0833,0.9555,0.9259,0.9402,147da89c2ea06175928b517c966f7594
6.7679,2.6015,1.8784,0.349,NA,NA,NA,NA,NA,NA,1e04c699c47f99f06c58d3099054f69d
4.2953,2.0725,1.4647,0.5859,NA,NA,NA,NA,NA,NA,965e71db06c360664524b9122e31512c
2.1144,1.4541,0.6903,0.6958,NA,NA,NA,NA,NA,NA,79cdcbed3ab962905f6918ed74554846
